source,Job_Title,Salary_USD,Location,Location_Country,Experience_Level,Remote_Ratio,Company_Size,Required_Skills,Automation_Risk,seniority_num,remote_score,risk_num,company_size_num,skills_list,row_hash
kaggle,Cybersecurity Analyst,111392.17,Dubai,DUBAI,Unknown,,Small,UX/UI Design,High,,,2,0.0,['UX/UI Design'],31d4896fa32bec56a4bc523df664e40a3b9857c558c721848a44fd44b3ebec81
kaggle,Marketing Specialist,93792.56,Singapore,SG,Unknown,,Large,Marketing,High,,,2,2.0,['Marketing'],7f2f0cbb7499dd826abcde5887c7ccbd9d1439ce805c3b1f7c97624f2376aa98
kaggle,Ai Researcher,107170.26,Singapore,SG,Unknown,,Large,UX/UI Design,High,,,2,2.0,['UX/UI Design'],5baec98518f801d770f68355344da172bbe5032db92f5cd1b376644c8c33c0d8
kaggle,Sales Manager,93027.95,Berlin,BERLIN,Unknown,,Small,Project Management,High,,,2,0.0,['Project Management'],1e51d2f0a84e04f44fe4f3de236384d9ae3fee7b332cacbc35bcb3407a588e3f
kaggle,Cybersecurity Analyst,87752.92,Tokyo,TOKYO,Unknown,,Small,JavaScript,Low,,,0,0.0,['JavaScript'],15af247147e26f2b29b9e0732f4b795c4215d9c427e565ae0b2a2c2c7389eda7
kaggle,Ux Designer,102825.01,San Francisco,SAN-FRANCI,Unknown,,Large,Cybersecurity,Medium,,,1,2.0,['Cybersecurity'],0d282f53c09c5579d0eccd9666f285f71f175a4967756f9f5096dad3b0c2ae56
kaggle,Hr Manager,102065.72,Singapore,SG,Unknown,,Medium,Sales,High,,,2,1.0,['Sales'],fb7e26c1de92f8e73756808d805aab8898453278891039bbad020e9588f61815
kaggle,Cybersecurity Analyst,86607.32,Dubai,DUBAI,Unknown,,Small,Machine Learning,Low,,,0,0.0,['Machine Learning'],2a204b43ddfdfb2aefdfcbe590ea331b138c2cd20445493bbd5cff7694ef6548
kaggle,Ai Researcher,75015.86,London,LONDON,Unknown,,Large,JavaScript,Low,,,0,2.0,['JavaScript'],e7cd56194be071efce71e44ae70d2acc1eedd1f313cb70dd545133867895661b
kaggle,Sales Manager,96834.58,Singapore,SG,Unknown,,Medium,Cybersecurity,Low,,,0,1.0,['Cybersecurity'],4ef9e8739526910b4b5a017de57598e19a100d4b844ad9256b901ebac5c8e80b
kaggle,Marketing Specialist,91566.97,London,LONDON,Unknown,,Small,Python,High,,,2,0.0,['Python'],a229cd49a01d6c2e1a473c6398dfd09e8f737e281a54080ea9acb9f8b502b4f8
kaggle,Ai Researcher,78902.57,Singapore,SG,Unknown,,Medium,UX/UI Design,High,,,2,1.0,['UX/UI Design'],023f44e9fa74478b2e9e88f6f59f80020af44671d79aef907b7cf92229263a31
kaggle,Ai Researcher,73151.99,San Francisco,SAN-FRANCI,Unknown,,Large,Python,Medium,,,1,2.0,['Python'],fd5fcbf8a7a8b45cf58033f73731472c18551298413a44a49dd188bef7d28b7c
kaggle,Hr Manager,98209.52,Paris,PARIS,Unknown,,Small,Cybersecurity,High,,,2,0.0,['Cybersecurity'],e4e429e0d90bfddf96f0b6d058bff9a76dfc4a5d6db3eb8c6fb34bccf2cb1990
kaggle,Product Manager,101001.9,Singapore,SG,Unknown,,Medium,JavaScript,High,,,2,1.0,['JavaScript'],7c993316d1df4ed709f6484704505a6fcb4e7c220533317fd344d539f067e5a5
kaggle,Sales Manager,82799.36,Dubai,DUBAI,Unknown,,Small,UX/UI Design,Low,,,0,0.0,['UX/UI Design'],c14a2f4da029430cc2bc908b026522a1990c0b5846832690bd38ffde353e5402
kaggle,Software Engineer,78401.26,Singapore,SG,Unknown,,Medium,Machine Learning,Medium,,,1,1.0,['Machine Learning'],b008eebd41cef435ad520ef08c1b5f961091ead815cbbc8cded0852fb163360d
kaggle,Ai Researcher,73394.9,Tokyo,TOKYO,Unknown,,Large,Project Management,High,,,2,2.0,['Project Management'],09e6d92bb98b5737bf0519a2c788fcdb536771113e9ad50cf321f0654fba6b42
kaggle,Product Manager,97645.1,San Francisco,SAN-FRANCI,Unknown,,Large,UX/UI Design,High,,,2,2.0,['UX/UI Design'],96f2f6cdc33adbd6325e7c4b46118d43b5825d42f387e0028783b8b76801439f
kaggle,Software Engineer,73920.46,Dubai,DUBAI,Unknown,,Small,UX/UI Design,Low,,,0,0.0,['UX/UI Design'],609fea01fa1c13b955c97f3fc7dd6869a42834f994c340a22a1b981732535c2b
kaggle,Sales Manager,134822.69,Sydney,SYDNEY,Unknown,,Medium,JavaScript,Low,,,0,1.0,['JavaScript'],3640dd67201f7500950b1bdc4f24e8743aab191162784cfc77af2ac4324b5259
kaggle,Data Scientist,81794.37,Dubai,DUBAI,Unknown,,Small,JavaScript,High,,,2,0.0,['JavaScript'],cb87542ca283c5b4af264e5389aaefb0959e2cd94d7902f0979d9bb2887efadb
kaggle,Ux Designer,41495.71,Tokyo,TOKYO,Unknown,,Small,Cybersecurity,Medium,,,1,0.0,['Cybersecurity'],46f78501e2171d88df7f10a18b0b681fa373997fa6a9fec00cf59c0543bb9faf
kaggle,Product Manager,89396.57,Paris,PARIS,Unknown,,Medium,Data Analysis,Medium,,,1,1.0,['Data Analysis'],a4214e5c8b57f0c6a603da515f06a5b4cc0ea28f46ed6cc500511ae3c63ed644
kaggle,Operations Manager,88539.33,San Francisco,SAN-FRANCI,Unknown,,Medium,UX/UI Design,Low,,,0,1.0,['UX/UI Design'],5f3ee3b9c7d87c12d3703a7295758d06b2d0c9aaffcc07af884372f8b950bea9
kaggle,Data Scientist,112234.37,Sydney,SYDNEY,Unknown,,Medium,Sales,Low,,,0,1.0,['Sales'],2152738dfd818daf09ad2203011fb0d2ea7cf74155372d77a742b5d3c1ffed43
kaggle,Ux Designer,95762.52,Tokyo,TOKYO,Unknown,,Large,UX/UI Design,High,,,2,2.0,['UX/UI Design'],0cd2f2704fa423edb842512b4a12b45d723a02990ad49e699c0c4b673e23e791
kaggle,Hr Manager,73323.3,Tokyo,TOKYO,Unknown,,Small,Cybersecurity,Low,,,0,0.0,['Cybersecurity'],529d33493e0f6023f98368b93d4304779c4cd99541f771bf7199151547a7a79f
kaggle,Cybersecurity Analyst,84272.16,New York,NEW-YORK,Unknown,,Small,Marketing,High,,,2,0.0,['Marketing'],8e6b843124505e355e96e18014a42759e912752ab0a44bf6691f2537a722a6e4
kaggle,Marketing Specialist,96548.4,San Francisco,SAN-FRANCI,Unknown,,Large,Python,Medium,,,1,2.0,['Python'],d88c82f8f7c0ab8b8bf158ba3b13e8a50736c8a5ddab02310a6e9505af82bfb3
kaggle,Operations Manager,46705.71,Dubai,DUBAI,Unknown,,Medium,Project Management,Medium,,,1,1.0,['Project Management'],d7495b3c8b599458c7dcb29ee4110b667dc8ab1f615a23efdd36b1306c90fc0d
kaggle,Hr Manager,116772.43,London,LONDON,Unknown,,Large,Data Analysis,High,,,2,2.0,['Data Analysis'],469796e0b487758b797ddf9497e22da9d847f8cdefd79262690df52e83398204
kaggle,Sales Manager,73376.6,Paris,PARIS,Unknown,,Large,Machine Learning,Low,,,0,2.0,['Machine Learning'],4b16695ce44a6b795652c6307ac6117888a8793ce16759a559936c6680f4ff2c
kaggle,Hr Manager,118340.88,London,LONDON,Unknown,,Large,Machine Learning,Medium,,,1,2.0,['Machine Learning'],12141d062156efd3eb0283e7f1c70233eda5de9756c7938a6756e00b6de315e5
kaggle,Cybersecurity Analyst,97849.3,Dubai,DUBAI,Unknown,,Small,Machine Learning,Low,,,0,0.0,['Machine Learning'],1480d92ebeb72828ed1e1a1c6fd00142ba196514b134090dde1c043e9d9bf0e1
kaggle,Sales Manager,102591.88,Dubai,DUBAI,Unknown,,Large,JavaScript,Medium,,,1,2.0,['JavaScript'],078e3be312596831e7a55bfbf643650b55a84ad76076f59345356cbe8cd21270
kaggle,Operations Manager,112988.47,San Francisco,SAN-FRANCI,Unknown,,Small,Machine Learning,High,,,2,0.0,['Machine Learning'],c0a2a096ed0f98922001e2ebd0ab11f55bd6a8c6c848328d275ceb658bf67da4
kaggle,Cybersecurity Analyst,101462.64,Dubai,DUBAI,Unknown,,Small,Project Management,High,,,2,0.0,['Project Management'],a25e603ec5f42be709cc0b881bc59a5ad3eac4074f62466531170ce2d192a65d
kaggle,Software Engineer,103457.72,New York,NEW-YORK,Unknown,,Small,Python,High,,,2,0.0,['Python'],790da650a9da317b5cc826e277076328bf0fe5f5ff8f13290cd1f6b101ad6237
kaggle,Marketing Specialist,86711.67,Sydney,SYDNEY,Unknown,,Medium,Machine Learning,Medium,,,1,1.0,['Machine Learning'],6a1e65ff9d3284a83a48f261d28fae64f908387ecd87dfcfa54601efd742dfeb
kaggle,Operations Manager,97443.37,Dubai,DUBAI,Unknown,,Small,UX/UI Design,Low,,,0,0.0,['UX/UI Design'],497a5f6b8101a184ca2860f61fa43babb77027cda83aa9661ef22ec334e8dc74
kaggle,Software Engineer,78250.04,London,LONDON,Unknown,,Small,UX/UI Design,Low,,,0,0.0,['UX/UI Design'],3fb0cc18721517b84b645b38879ff0960cb6a40ccf446754c75da4f7b166052b
kaggle,Ux Designer,83131.78,Dubai,DUBAI,Unknown,,Medium,JavaScript,Low,,,0,1.0,['JavaScript'],4b65fe0252164085bb7e7c41ef451e49f1aeb2a0d1665482171b76313aa7b7c1
kaggle,Operations Manager,129293.9,New York,NEW-YORK,Unknown,,Small,Project Management,Medium,,,1,0.0,['Project Management'],68a7ec58d42421da64bc1cc409b21f42dda4b2a72e408068fa1b707845e5d1d0
kaggle,Ux Designer,73836.13,Singapore,SG,Unknown,,Large,Python,Medium,,,1,2.0,['Python'],8d6e93561e932b1a63f06cf299583ab0e74a0e6cba0d72249c560d17c9216287
kaggle,Sales Manager,93086.34,Singapore,SG,Unknown,,Large,Data Analysis,Medium,,,1,2.0,['Data Analysis'],9aa9a410f3ab0b03bbfabb1d132a8911e86dcf775fca13d716e175354f44269b
kaggle,Software Engineer,92269.38,Tokyo,TOKYO,Unknown,,Small,Cybersecurity,Medium,,,1,0.0,['Cybersecurity'],e655c06899e0e9b1384eb01ba138c2bb29933eeed84ff007dc62117a74f4d164
kaggle,Marketing Specialist,83784.91,Paris,PARIS,Unknown,,Medium,Python,Medium,,,1,1.0,['Python'],f6cdd82fbc49b8ea275e9a1c99f4f6c09113ef82b4936a6aab02a8921e056962
kaggle,Cybersecurity Analyst,100288.02,Berlin,BERLIN,Unknown,,Large,Cybersecurity,Low,,,0,2.0,['Cybersecurity'],01c9e326940e8cbd7b2f39c857779aa518c7db163a2a22db15e1ddc717aad038
kaggle,Ai Researcher,101794.44,Sydney,SYDNEY,Unknown,,Medium,Marketing,Medium,,,1,1.0,['Marketing'],7824f429682e2f3b69dd8a6c2190fc442ea1e5d46652912934e2976b057377c8
kaggle,Hr Manager,71483.62,Toronto,TORONTO,Unknown,,Medium,Cybersecurity,Medium,,,1,1.0,['Cybersecurity'],903818a4797e010e8397086b71ed39545097d07843466135dd6ac2941c0c73ec
kaggle,Data Scientist,92027.13,Tokyo,TOKYO,Unknown,,Large,Sales,Low,,,0,2.0,['Sales'],f59131a54acfc6b63095f7823ec20c8e359874aac0186fb104753a0f23dd4b46
kaggle,Marketing Specialist,68352.65,Paris,PARIS,Unknown,,Medium,UX/UI Design,Medium,,,1,1.0,['UX/UI Design'],be0cf41d1f7c54f57e16ab79866b53c1c3f5d0db80335ce20009e73107a544ca
kaggle,Software Engineer,105770.97,Singapore,SG,Unknown,,Large,Project Management,Low,,,0,2.0,['Project Management'],2edfd07791008462190d7f73d79b83e90cb0a0f02cb8614e48f0bcced64ce577
kaggle,Ai Researcher,93529.75,London,LONDON,Unknown,,Medium,Communication,Low,,,0,1.0,['Communication'],3ba737adea1c62e2d94a6fdf785cc6c594220c19b31680f4aabe3c9efcad6d35
kaggle,Marketing Specialist,91646.6,Toronto,TORONTO,Unknown,,Large,JavaScript,High,,,2,2.0,['JavaScript'],ac0e60a933f86ddc6e21c5cc2c3891fb6f32b661b87fb7a2dd72bd8e6ce6122f
kaggle,Software Engineer,103180.63,Paris,PARIS,Unknown,,Small,Sales,High,,,2,0.0,['Sales'],5e93a7b2d53fa2a3db5b84a745622f84095387c95986bf816e3b8251baeffbb9
kaggle,Product Manager,84489.79,Paris,PARIS,Unknown,,Large,Cybersecurity,High,,,2,2.0,['Cybersecurity'],09b8ce27cd40d93c2e4e1f9d4195ec63aa1586646bf958180bbbe1c48d1823a2
kaggle,Product Manager,108280.44,Tokyo,TOKYO,Unknown,,Large,Machine Learning,High,,,2,2.0,['Machine Learning'],072de2e6821e5c1ff7555cc3f97ace0f23687693ad61844bae5ca962267e8760
kaggle,Ux Designer,71031.1,Toronto,TORONTO,Unknown,,Large,Project Management,Medium,,,1,2.0,['Project Management'],b9bd61eb576224cf9d48f6579c32d2319f11d03b6692a7f2cbd9ace10854e9e1
kaggle,Marketing Specialist,118237.53,San Francisco,SAN-FRANCI,Unknown,,Large,Sales,High,,,2,2.0,['Sales'],7c3f2fa9ade83a448129e664a792a0fd57f2ae8f158c1df50a04c749558449f5
kaggle,Product Manager,78981.78,Berlin,BERLIN,Unknown,,Medium,JavaScript,Low,,,0,1.0,['JavaScript'],1e56449dc535be64d0607659bba3ff5de26ea93c73dbc7941109656c0e924241
kaggle,Software Engineer,56076.42,San Francisco,SAN-FRANCI,Unknown,,Small,UX/UI Design,Medium,,,1,0.0,['UX/UI Design'],07af8c0f8ba9e0f803a69cc394febc90d31a23159c7ca00cff666b364b4d57b4
kaggle,Ux Designer,83429.3,Toronto,TORONTO,Unknown,,Large,Project Management,High,,,2,2.0,['Project Management'],fa102c4565146d04c2079110661c4a8422ecd20d081b15199b4b1e6a961a5d10
kaggle,Software Engineer,81160.64,San Francisco,SAN-FRANCI,Unknown,,Medium,JavaScript,Low,,,0,1.0,['JavaScript'],b3773b21465d77f4992fab5147f80ecd2f6bbc7cd5c33859064af1d52282f026
kaggle,Ux Designer,83278.52,New York,NEW-YORK,Unknown,,Small,Marketing,Medium,,,1,0.0,['Marketing'],283696d833ffdde66c88f39e5a9f27e6cae82e69fb7fbd2c7f238eaf7be1b119
kaggle,Marketing Specialist,94632.96,Singapore,SG,Unknown,,Small,Marketing,Medium,,,1,0.0,['Marketing'],e7afb3353c03c1bd8f1938efc1174f1b19666f7d6346cba6045486c1f2050b99
kaggle,Ai Researcher,111956.85,New York,NEW-YORK,Unknown,,Small,JavaScript,High,,,2,0.0,['JavaScript'],f829b63655ea1a70e21b36a651b41b3762a20436fdf654cb3ba49c6a237aeb98
kaggle,Cybersecurity Analyst,86165.88,Dubai,DUBAI,Unknown,,Small,Sales,Medium,,,1,0.0,['Sales'],237e55e42619b4201777192c934b7ae7c9e84f7a793344bbeb32f4343ec59d88
kaggle,Operations Manager,76167.65,San Francisco,SAN-FRANCI,Unknown,,Large,Project Management,Low,,,0,2.0,['Project Management'],a3e39fb355bce1ae1234069bd34a3f7fa52fda4fc7f05ce0e85007dd1bb63015
kaggle,Ai Researcher,67469.06,Dubai,DUBAI,Unknown,,Large,Sales,Medium,,,1,2.0,['Sales'],36f88867d6e3dfb8f5430b2cf87eeb79a1d342759a039d3b0faaded7364cb3ad
kaggle,Sales Manager,80636.34,London,LONDON,Unknown,,Medium,Data Analysis,Low,,,0,1.0,['Data Analysis'],938c065f52a7d7e4edf22cb27437eeb73213c95d908b4c1c61a12e352b81de05
kaggle,Software Engineer,52243.5,Sydney,SYDNEY,Unknown,,Medium,Cybersecurity,Medium,,,1,1.0,['Cybersecurity'],9657f9c214fe5fbdfa23d02fdad46be8841bcfcac69d2923f20b3b11f62248d4
kaggle,Sales Manager,75497.34,London,LONDON,Unknown,,Medium,Data Analysis,High,,,2,1.0,['Data Analysis'],23d471236797dda5782998cf617def538ca5df0dcda408b9d40f498eccc510f1
kaggle,Ai Researcher,114881.08,Toronto,TORONTO,Unknown,,Small,Marketing,Low,,,0,0.0,['Marketing'],1cfcd2799e83a0de63ee1a4b56ccbbbff1e4108726158406b4310a87006b6be4
kaggle,Ux Designer,73532.82,Paris,PARIS,Unknown,,Small,UX/UI Design,Medium,,,1,0.0,['UX/UI Design'],04f236d2971c2f95a08d15280a0d105a07aae576fb19d163a0ad948eaa467fd8
kaggle,Operations Manager,102574.32,Singapore,SG,Unknown,,Large,Python,Medium,,,1,2.0,['Python'],6970f84816f77558985b9b24afec017721e4736d264d55366eb4c3f757f197c0
kaggle,Operations Manager,65470.36,San Francisco,SAN-FRANCI,Unknown,,Small,Cybersecurity,Medium,,,1,0.0,['Cybersecurity'],ad717889172e6457e6f2e31477a254b91143db21fed1da641b81d6e7bf20c172
kaggle,Data Scientist,125421.92,Tokyo,TOKYO,Unknown,,Small,Marketing,Low,,,0,0.0,['Marketing'],a2a9c851eedac02347db7b778b73ade19e683beeb9cadb56eb5d79dbc3652488
kaggle,Operations Manager,126752.13,Sydney,SYDNEY,Unknown,,Small,Sales,Low,,,0,0.0,['Sales'],6945ac05da000bddd61c59bc8cbadc4e30d7687c72b5e46e5bf5fc77de0d4a77
kaggle,Cybersecurity Analyst,101820.43,Berlin,BERLIN,Unknown,,Medium,Sales,Low,,,0,1.0,['Sales'],4b69d0dd6e6e69312236d7d86176364a83ea60ea09d127d0e5424c0c644abc12
kaggle,Operations Manager,129825.05,Berlin,BERLIN,Unknown,,Medium,Sales,High,,,2,1.0,['Sales'],19a8a5ab33527cac1a0e0459f4cc4ac220d3acfae71f56563935c182777f437b
kaggle,Ai Researcher,97115.86,Berlin,BERLIN,Unknown,,Large,UX/UI Design,High,,,2,2.0,['UX/UI Design'],2e6364f1ad1a4f859923a936c5bd03a85617e2772c7996bfcbdc52dc80b4adbc
kaggle,Data Scientist,105370.34,San Francisco,SAN-FRANCI,Unknown,,Small,Data Analysis,Low,,,0,0.0,['Data Analysis'],1a136aedb08da6a5e2bfa9df23bbfa8eb865c0cce8443e1a3f8f530f04295a34
kaggle,Ai Researcher,115238.68,Berlin,BERLIN,Unknown,,Small,Python,Medium,,,1,0.0,['Python'],7b88b8eb9f2f503da4976057ab7ba2599b2c8366b2814e519f44ae08bb7bfb00
kaggle,Ai Researcher,93594.37,New York,NEW-YORK,Unknown,,Large,Sales,High,,,2,2.0,['Sales'],c5dbf32c9e6fc551d28ffdd3e27511de74bb5d84f12c909271fb157ae08a256b
kaggle,Hr Manager,58952.45,Sydney,SYDNEY,Unknown,,Small,Communication,Low,,,0,0.0,['Communication'],78f5e2bb034b8b1bfaf14996d35313086058c7e1e9a739676a380c6ff771bc7b
kaggle,Data Scientist,105779.27,New York,NEW-YORK,Unknown,,Small,Cybersecurity,Medium,,,1,0.0,['Cybersecurity'],c7b3cb6d2f1d12e2513e623ffac5abd6d3e04222e1348bf5ae95d29c4f2fcc2b
kaggle,Ai Researcher,80562.81,Paris,PARIS,Unknown,,Medium,Project Management,High,,,2,1.0,['Project Management'],0d6ef396cb92d5b9162b9dea4ffedc974ef23046443a722e5ab25e805bea0cdd
kaggle,Hr Manager,82049.4,Sydney,SYDNEY,Unknown,,Large,Communication,Medium,,,1,2.0,['Communication'],52e8a853d9ca92faee7edb4cec47ad0a4861acfdd8bffa3bed1bf0fcfd1e227f
kaggle,Hr Manager,95957.9,New York,NEW-YORK,Unknown,,Large,Python,Medium,,,1,2.0,['Python'],9ded2c3bc40c9e3ce6c4cf20690de6bcdda6674880cd093138d11d8d27fcd2cf
kaggle,Data Scientist,101325.62,Sydney,SYDNEY,Unknown,,Large,UX/UI Design,Medium,,,1,2.0,['UX/UI Design'],42b818fdbe45809807677f785210b1baabacdbc55178794819f57e7dfd8c35d8
kaggle,Sales Manager,93002.69,Paris,PARIS,Unknown,,Large,Python,Medium,,,1,2.0,['Python'],22ce91e337901b62e36a921fabce945e362f046fe248813c73cd93803748424b
kaggle,Ux Designer,102714.59,Dubai,DUBAI,Unknown,,Medium,Project Management,High,,,2,1.0,['Project Management'],de0fb8c11b1b451d66bcffc34be5641d0d74070dc960b7492048b725ca8b3d40
kaggle,Cybersecurity Analyst,75862.86,San Francisco,SAN-FRANCI,Unknown,,Medium,Cybersecurity,High,,,2,1.0,['Cybersecurity'],4ed033f788926d2f6c987bb60c013eba233ec4046153fb655822d4d2980565c7
kaggle,Ux Designer,89145.92,San Francisco,SAN-FRANCI,Unknown,,Small,Project Management,High,,,2,0.0,['Project Management'],06b1f820d2c5852a13d486c6b1fbd40f4df6f0ffa8d203f8ba31f96484593e3f
kaggle,Operations Manager,106981.71,Berlin,BERLIN,Unknown,,Small,JavaScript,Low,,,0,0.0,['JavaScript'],9b56c03a22b44bb6b13e83cc4a1bedc8a09b26372616668a545cbeb6b6547d1c
kaggle,Cybersecurity Analyst,125455.82,London,LONDON,Unknown,,Small,Cybersecurity,High,,,2,0.0,['Cybersecurity'],6733947ccca229b1a4f44687de684ca2f69fcc035cc780c4190911d225991c93
kaggle,Operations Manager,132528.71,Berlin,BERLIN,Unknown,,Small,Python,Medium,,,1,0.0,['Python'],1550166ebe865ad5058195a2eb0a2a24797107317a5d740b335aef2c4d9d3234
kaggle,Ai Researcher,98659.53,Toronto,TORONTO,Unknown,,Medium,Sales,High,,,2,1.0,['Sales'],39c248b33f08746b9e2569b906511ae5b82079269f0eebcf6c433de747de5620
kaggle,Software Engineer,106800.2,New York,NEW-YORK,Unknown,,Large,Python,Medium,,,1,2.0,['Python'],afe8bc27fa30eb73b53d3d7430cc439295b2905d8648b3bafd3405b984d4b8e5
kaggle,Data Scientist,129631.58,Sydney,SYDNEY,Unknown,,Medium,Python,Low,,,0,1.0,['Python'],52a4ee406cf0efee183aababcfd0e0d13bad91554d90b6b5d768c61c5f670c50
kaggle,Cybersecurity Analyst,76583.28,London,LONDON,Unknown,,Small,Cybersecurity,Medium,,,1,0.0,['Cybersecurity'],805768713aea6c2e1ec2169d739fa69ae0e1c68c3b3f00b38a7390fdc1809960
kaggle,Cybersecurity Analyst,102594.0,Paris,PARIS,Unknown,,Medium,JavaScript,Medium,,,1,1.0,['JavaScript'],aece5519ccd4c6ad5fffd2e66e4032c9ffa62462af9266b66a16679235c34085
kaggle,Ai Researcher,105366.86,Toronto,TORONTO,Unknown,,Large,Python,Medium,,,1,2.0,['Python'],19a29f47f725187e8da1e8cd323136467715c87aef7c90b9c0f88248d75df189
kaggle,Sales Manager,118957.23,Paris,PARIS,Unknown,,Large,Communication,Low,,,0,2.0,['Communication'],27c81d756fdc221b2de0512aa95e48093ad40ad207657bd71f6ac3f13ec92538
kaggle,Hr Manager,67257.17,San Francisco,SAN-FRANCI,Unknown,,Medium,Marketing,High,,,2,1.0,['Marketing'],4ffc8476eff849bbde3362b198477b3e965abbd9100e845df58660d53f87e383
kaggle,Ai Researcher,71211.88,San Francisco,SAN-FRANCI,Unknown,,Medium,Machine Learning,High,,,2,1.0,['Machine Learning'],84e5089948f15052612e30cddea63c2cfb63bb893f3c08b25527020cdd13a063
kaggle,Product Manager,90427.64,Berlin,BERLIN,Unknown,,Medium,Machine Learning,Low,,,0,1.0,['Machine Learning'],9d45c2c857abb7bb040a59962564d888d02cc9c1dc3b01c79301574f15f1498e
kaggle,Hr Manager,97554.55,New York,NEW-YORK,Unknown,,Small,Python,Medium,,,1,0.0,['Python'],72396a1ef2c9d6cce3bbfef83a5a3311072e6193f1897840a07621b9a3825d55
kaggle,Data Scientist,112457.28,London,LONDON,Unknown,,Medium,Communication,High,,,2,1.0,['Communication'],8ee823112adcda1d0b4cb781097eeca490e07967e7b75575f816aa365cdfb77c
kaggle,Hr Manager,100350.88,Singapore,SG,Unknown,,Medium,Sales,Low,,,0,1.0,['Sales'],659fd06cd46be6972e9868090b669a4d9df391ce8c520dc89c9450b51be12306
kaggle,Sales Manager,86971.74,Toronto,TORONTO,Unknown,,Medium,UX/UI Design,High,,,2,1.0,['UX/UI Design'],11129ca940e3a7427be4b1aba8c7240c993501a450a3747955c29e26853de041
kaggle,Hr Manager,98329.23,Toronto,TORONTO,Unknown,,Large,UX/UI Design,Low,,,0,2.0,['UX/UI Design'],b3312bb29a6c5419bf2ec4471baa3904730d0e43c20d3ca9b0b453a783375582
kaggle,Data Scientist,96020.89,Berlin,BERLIN,Unknown,,Large,Cybersecurity,Medium,,,1,2.0,['Cybersecurity'],3080fb78b69972b4f27fe4eaa8a15a293df4bc3b879d015717d139395ea713c7
kaggle,Sales Manager,124900.33,San Francisco,SAN-FRANCI,Unknown,,Small,Machine Learning,High,,,2,0.0,['Machine Learning'],f6f9391c15853c4930bc4db4c89c6ef6ed401da648d93502818bbc54db761a95
kaggle,Ux Designer,93313.18,Berlin,BERLIN,Unknown,,Small,Python,Low,,,0,0.0,['Python'],7ea06030305e706e577e0bb7631e882a6120ba0d782dcf2cb73ecdacdaf5c18b
kaggle,Cybersecurity Analyst,82338.33,Sydney,SYDNEY,Unknown,,Large,UX/UI Design,High,,,2,2.0,['UX/UI Design'],6575247153c32258c104209c98a4bb3ee5b0d1d40dafd7d2da61e8c03df1ef23
kaggle,Cybersecurity Analyst,98992.18,London,LONDON,Unknown,,Large,Python,High,,,2,2.0,['Python'],2a87038e4d62afe3b084ad0cd25cca73b1154789e196b74156c7f92e762430cb
kaggle,Operations Manager,93969.71,New York,NEW-YORK,Unknown,,Large,Cybersecurity,High,,,2,2.0,['Cybersecurity'],837fdccd4c87066281ee716cf6ae2c0effa12091a90942806128c9f69538b2d7
kaggle,Ux Designer,58580.13,Dubai,DUBAI,Unknown,,Medium,Machine Learning,High,,,2,1.0,['Machine Learning'],afc0f0df79514c12fbb1c5556e88c080a4cba38adb5f599ec213a7d38d4cc20a
kaggle,Ux Designer,89686.96,Tokyo,TOKYO,Unknown,,Medium,Project Management,Low,,,0,1.0,['Project Management'],3197010219c2041fee220f704cded17d42be5caf1d996a5f7acc1e89ccfe9fc4
kaggle,Hr Manager,87985.24,Tokyo,TOKYO,Unknown,,Large,Marketing,Medium,,,1,2.0,['Marketing'],fbb1bf6f93af1f8a66ff53ff4194e04fbb3af96d29be907adad4be6293bd6f70
kaggle,Cybersecurity Analyst,79122.56,Berlin,BERLIN,Unknown,,Medium,Marketing,Low,,,0,1.0,['Marketing'],74e5c16432e12370bda45be7918131a209a0240c2117d2d127385116449bc5c2
kaggle,Data Scientist,110711.67,Sydney,SYDNEY,Unknown,,Medium,UX/UI Design,Low,,,0,1.0,['UX/UI Design'],20c18f8e832683d3d53b4a93c7146098a32f338e6ddd577836a975e1a67a1166
kaggle,Marketing Specialist,74286.41,London,LONDON,Unknown,,Small,Marketing,Low,,,0,0.0,['Marketing'],54b04b47a1139fecc77d1730b98929bd6882e6c1aa403826c7aa570654916f79
kaggle,Marketing Specialist,99112.37,Singapore,SG,Unknown,,Large,Project Management,Medium,,,1,2.0,['Project Management'],20a845e9f666fc9f53c58316816cd3fd95d22c610d45a550790465fa9fccf4cd
kaggle,Sales Manager,87042.86,Tokyo,TOKYO,Unknown,,Large,Python,High,,,2,2.0,['Python'],1ed802130d4811b91c42c71e9c32df6fdcd1e10d5263802c5c2f4c687eeed84a
kaggle,Cybersecurity Analyst,92153.9,London,LONDON,Unknown,,Medium,Cybersecurity,High,,,2,1.0,['Cybersecurity'],58e113a50593393858e8ed6defea5826a288b45303c46d870a5e27eeb25cba24
kaggle,Cybersecurity Analyst,98235.73,New York,NEW-YORK,Unknown,,Large,Project Management,High,,,2,2.0,['Project Management'],7b665824df13666eaac1f291fa40f5ad7cf0c54dd0341cd56d66715be9f4c7f3
kaggle,Marketing Specialist,63848.51,Paris,PARIS,Unknown,,Small,Cybersecurity,Medium,,,1,0.0,['Cybersecurity'],85efaafffa86777bf000aee074a4b92755a8eab543d1cac7bc786ba14f2cdf4f
kaggle,Cybersecurity Analyst,93833.22,Sydney,SYDNEY,Unknown,,Small,Cybersecurity,High,,,2,0.0,['Cybersecurity'],73e11a9b4c5fff2027fbaabc0815e7ed3393e52dcab4d9d028c88f95670ba161
kaggle,Hr Manager,135778.95,San Francisco,SAN-FRANCI,Unknown,,Small,Machine Learning,Medium,,,1,0.0,['Machine Learning'],db6f6b0a90627851a2aeff31464471e29f58fb48468f32be041093fbba3d959f
kaggle,Product Manager,58864.73,London,LONDON,Unknown,,Large,Python,High,,,2,2.0,['Python'],45f72c3280bfc1882fb2005f071cef3d482e98aab53af4a037bcf121c9749743
kaggle,Software Engineer,88847.84,New York,NEW-YORK,Unknown,,Large,Communication,High,,,2,2.0,['Communication'],9a115e8ae67f4e86f8bbaac787053389d9390d6fd63dcd0cadc5ffe5c65fe116
kaggle,Ux Designer,112464.79,Singapore,SG,Unknown,,Large,Marketing,Low,,,0,2.0,['Marketing'],498b51bab9e79b52b45fb20fd34c2de578920cd8174149f79cd985f31485f52e
kaggle,Operations Manager,96032.38,Dubai,DUBAI,Unknown,,Large,Communication,Medium,,,1,2.0,['Communication'],88df2b9546599104826e3a64654874ea3c69c30305cd6256792a5025506a72b5
kaggle,Sales Manager,103759.34,San Francisco,SAN-FRANCI,Unknown,,Large,Machine Learning,Low,,,0,2.0,['Machine Learning'],698b21163b59a0ba3aa67f2f272516ba019ed9c27e2447df7cf0cf79bdd68976
kaggle,Product Manager,42486.68,Dubai,DUBAI,Unknown,,Small,Cybersecurity,Low,,,0,0.0,['Cybersecurity'],c9ba79d87f8dfaa06bdf61d721f330a1da3e55beccce6e9e1d8bb45baf2af903
kaggle,Marketing Specialist,101964.99,Singapore,SG,Unknown,,Medium,UX/UI Design,Low,,,0,1.0,['UX/UI Design'],8e46644e50f60b8ac4e89377d2d0254a737b8365e9cdec9f8a49344ab2f94d9b
kaggle,Ux Designer,74766.24,New York,NEW-YORK,Unknown,,Small,Marketing,Medium,,,1,0.0,['Marketing'],2b76a19f13c2ab0dde3e2750792d553ebad9609eefc313348d29aa0fbc5d052c
kaggle,Cybersecurity Analyst,96197.55,Tokyo,TOKYO,Unknown,,Large,Marketing,Medium,,,1,2.0,['Marketing'],ad638fa3714b096b36a6a604b6a69b5884984cb78f1ba11a700ef294befc3ee2
kaggle,Operations Manager,89411.31,Dubai,DUBAI,Unknown,,Small,Python,High,,,2,0.0,['Python'],37b3c58d996641abb5c59e285031be220e04a72d7270768a747b096130a5566e
kaggle,Cybersecurity Analyst,135566.66,San Francisco,SAN-FRANCI,Unknown,,Large,JavaScript,Low,,,0,2.0,['JavaScript'],20149f84c46ef7938d1711c8b4dd3a7a69d197dbd73c37f4280a8b888d1589d3
kaggle,Data Scientist,100933.91,Berlin,BERLIN,Unknown,,Large,Data Analysis,High,,,2,2.0,['Data Analysis'],99b229d6339f576d5fc72858f18825bf6d6dcc77724ee17b44a5de5d5656f852
kaggle,Data Scientist,87747.52,Toronto,TORONTO,Unknown,,Small,Data Analysis,Low,,,0,0.0,['Data Analysis'],4b83659eaf1b0c54a2c639389bf1b5c8e67025b4443ffdc30764b6f054764a05
kaggle,Operations Manager,59806.14,London,LONDON,Unknown,,Large,Data Analysis,Medium,,,1,2.0,['Data Analysis'],6cc2dcae4a1fd60c84a00cc5efa5e7c017638417746b33046186bd6196b74686
kaggle,Operations Manager,92422.94,Tokyo,TOKYO,Unknown,,Medium,JavaScript,Medium,,,1,1.0,['JavaScript'],94ce49e19f7e4154936a3f0285ecfb81e447dedd83b7b6b11ef17f10d86cc9ef
kaggle,Marketing Specialist,106464.58,Dubai,DUBAI,Unknown,,Large,Python,Medium,,,1,2.0,['Python'],3cec2718c7afe1fd1af9d47a23f8b1ac615be3e8f178e17125f8af55156766ce
kaggle,Operations Manager,88388.96,Paris,PARIS,Unknown,,Medium,JavaScript,Low,,,0,1.0,['JavaScript'],22779a32e8dd5afbdcb69e1fb2bddd501191dba68dd64b71b303eab770c194d5
kaggle,Hr Manager,79886.87,London,LONDON,Unknown,,Medium,Data Analysis,Medium,,,1,1.0,['Data Analysis'],b06e918039e73692b662fea35b2b034fd53c289a3036973e6635a2fd517863ac
kaggle,Cybersecurity Analyst,78548.27,Berlin,BERLIN,Unknown,,Large,Machine Learning,Low,,,0,2.0,['Machine Learning'],5baf54d1e9f656e1a23527a03ee1e5b20e75a16f844a240fac44dd1824490635
kaggle,Product Manager,100702.83,Singapore,SG,Unknown,,Small,Project Management,High,,,2,0.0,['Project Management'],efec9c0c7b529eecf2c4e6f28cde077e6d2d68ef673f7236e5fecc8936e1eccf
kaggle,Ai Researcher,105187.76,Toronto,TORONTO,Unknown,,Medium,Cybersecurity,Low,,,0,1.0,['Cybersecurity'],37a2c53fcd7236c350fdd1bd713c83e42bc2812d45f952e32965ffe9a4f3bae4
kaggle,Operations Manager,117224.2,New York,NEW-YORK,Unknown,,Small,JavaScript,High,,,2,0.0,['JavaScript'],2f67578a31c59b0a9a244f51088be579ca7238759061dbdd3783b073905dcef8
kaggle,Sales Manager,70100.0,Berlin,BERLIN,Unknown,,Medium,Python,Low,,,0,1.0,['Python'],9488d0c8c19ad1a649c8a346663dbad8e2e5d15780e7d688d00f13233d0eb8ec
kaggle,Data Scientist,100519.55,Berlin,BERLIN,Unknown,,Large,Python,High,,,2,2.0,['Python'],a6acf26fc3aaa144e54066144b63602aac0c97209b4c79b4d1f0b28984020dda
kaggle,Hr Manager,87565.92,Singapore,SG,Unknown,,Large,Communication,Medium,,,1,2.0,['Communication'],d1d4ed81d3c29b059b8e1f47799a89c5809217ebfa54c204f365b7eb4aef1588
kaggle,Ux Designer,88155.32,Sydney,SYDNEY,Unknown,,Medium,Project Management,High,,,2,1.0,['Project Management'],66adb20f333faacaa3745b76c47f99c86ed18da43597225a5522b30797a0cb42
kaggle,Ai Researcher,98036.52,Singapore,SG,Unknown,,Large,UX/UI Design,Medium,,,1,2.0,['UX/UI Design'],7e9af1d867a177fc6d4192a54c9cde3722bd1da60196f7b476dc01b148afb780
kaggle,Product Manager,98153.13,Sydney,SYDNEY,Unknown,,Medium,Marketing,Medium,,,1,1.0,['Marketing'],191e267ecdedca7c037e0338d0156510a4e377b756ffd2322e198cef26cc0c05
kaggle,Ai Researcher,100575.36,Sydney,SYDNEY,Unknown,,Large,Data Analysis,High,,,2,2.0,['Data Analysis'],dc582384ab72b1284e3816c4e09e0a9c6b6dc6f0761e7553b76f300a346044d6
kaggle,Operations Manager,68850.58,Tokyo,TOKYO,Unknown,,Small,UX/UI Design,Low,,,0,0.0,['UX/UI Design'],5c9a0c1829179cf47f1e4815c3628d1600a8e6ea0cbd86a044a102e800cb934d
kaggle,Marketing Specialist,75003.77,Tokyo,TOKYO,Unknown,,Large,Communication,Low,,,0,2.0,['Communication'],5a8576773e90204e63539ea3625951842b5630f96a326b33f6e94c74c00fd007
kaggle,Data Scientist,119717.37,San Francisco,SAN-FRANCI,Unknown,,Small,Data Analysis,Low,,,0,0.0,['Data Analysis'],57f38e72d1d82e3a3de9803c617c7a3918fdac298193dd3ea12c3985afc25c40
kaggle,Data Scientist,85588.55,Dubai,DUBAI,Unknown,,Large,Project Management,Low,,,0,2.0,['Project Management'],4c7f89aa96224425a26e99ebf73d4e73b71fbfd59d3b0e6c493bfd134ff407f8
kaggle,Ux Designer,96120.29,Dubai,DUBAI,Unknown,,Small,Communication,Low,,,0,0.0,['Communication'],76ca52f7444d0c9f225d555224032bbbdc8363b86d2bb202708b8df7227d26ea
kaggle,Marketing Specialist,111093.33,New York,NEW-YORK,Unknown,,Large,Data Analysis,Medium,,,1,2.0,['Data Analysis'],11207145fe5bc2cbf55b831e9cdba84a467622a2e113b09825782a5854b8ddb7
kaggle,Cybersecurity Analyst,99268.86,Dubai,DUBAI,Unknown,,Small,Project Management,Low,,,0,0.0,['Project Management'],09fe848bd63e2486c35bd53a023a1171d8201b82802812329cbad9202b02c7c9
kaggle,Software Engineer,100930.45,Tokyo,TOKYO,Unknown,,Medium,Sales,Medium,,,1,1.0,['Sales'],f4472441ff66189fb2914f909907b594c9b9949f22b7094be003251a4df3b4c5
kaggle,Hr Manager,107891.55,San Francisco,SAN-FRANCI,Unknown,,Medium,UX/UI Design,Medium,,,1,1.0,['UX/UI Design'],47a53f521b326f839148962e3402d2751c05a1945f8b72682aa7ba46fc233041
kaggle,Data Scientist,47666.72,San Francisco,SAN-FRANCI,Unknown,,Small,UX/UI Design,Medium,,,1,0.0,['UX/UI Design'],3985a6e97a55b91d3cb34daac1bcfff00e84483cf4221e86a59657c3371bddf6
kaggle,Sales Manager,80201.0,Sydney,SYDNEY,Unknown,,Large,Marketing,High,,,2,2.0,['Marketing'],ce269c6b6a02b5f2d6cc398d6ee48c9afbbdfe83e48582bf8d911e5173a146db
kaggle,Data Scientist,99372.12,Singapore,SG,Unknown,,Small,Project Management,High,,,2,0.0,['Project Management'],b8413021af20632059c7a509bfe0183ae583e6f90c829934c2254b1f908c44d8
kaggle,Ai Researcher,117752.89,New York,NEW-YORK,Unknown,,Large,JavaScript,Medium,,,1,2.0,['JavaScript'],e4a6b21a9d10d3332a394a13e7980112b8d327f39026386d4f61991d188e54e5
kaggle,Data Scientist,91321.91,Sydney,SYDNEY,Unknown,,Medium,Sales,High,,,2,1.0,['Sales'],21b12726c157fb9805a18bc9111cb6d2f48823c5560df97169d70c0ec8c9ad3c
kaggle,Data Scientist,73105.67,Singapore,SG,Unknown,,Large,Machine Learning,Low,,,0,2.0,['Machine Learning'],c6c3bd604de252bebac7d0bd7d28ffda59888b49db80327f64f0ae1be558f29e
kaggle,Software Engineer,73638.28,Dubai,DUBAI,Unknown,,Medium,Data Analysis,Low,,,0,1.0,['Data Analysis'],687e3b57fdd8526f95bdfbde9957c6eac2a03299f09e9b91a3844f3763aa9850
kaggle,Software Engineer,107677.22,Sydney,SYDNEY,Unknown,,Large,Sales,Medium,,,1,2.0,['Sales'],16932fe607c5e43afb8052d662e66538a75bf8fa38876d6c93271c72a877cc0e
kaggle,Product Manager,85644.53,London,LONDON,Unknown,,Large,Project Management,Low,,,0,2.0,['Project Management'],c859c1fd9e9641ebdf16289ec564122256033d9a1ebe41901c2491fa18478107
kaggle,Cybersecurity Analyst,89856.0,Dubai,DUBAI,Unknown,,Large,Cybersecurity,Medium,,,1,2.0,['Cybersecurity'],6b84ccffbd9e6eee143d17ffc649317f96ee037cfbde190b47520a7f51ff5c32
kaggle,Sales Manager,102300.6,Singapore,SG,Unknown,,Small,Data Analysis,Medium,,,1,0.0,['Data Analysis'],e14d562db53ebb64c1fa2bc420f50638ef6ea2aa2614e2f99fd7c1bf6a1f9db3
kaggle,Data Scientist,31969.53,New York,NEW-YORK,Unknown,,Small,Python,Low,,,0,0.0,['Python'],8862a1b84a515242ac46248cda72aa61c4a2fd6c31afc5259ae1ef3bb5b76d15
kaggle,Data Scientist,130007.35,Singapore,SG,Unknown,,Medium,UX/UI Design,High,,,2,1.0,['UX/UI Design'],125cadfd12ecedb64602afc8861b670562ace84220a28a8f17bacecef318fe99
kaggle,Hr Manager,75378.52,Sydney,SYDNEY,Unknown,,Medium,Project Management,Low,,,0,1.0,['Project Management'],cc9d73c2ffdcf3edab12b14d0dad3478003a2af58763a9ed8d6c66cd3800a08f
kaggle,Software Engineer,94838.73,Sydney,SYDNEY,Unknown,,Small,Python,Low,,,0,0.0,['Python'],9d240a1868d05a88a1973eed369da88df8429d338d6c01d0f44e2eaff4e013e2
kaggle,Sales Manager,55906.06,Berlin,BERLIN,Unknown,,Medium,Marketing,Medium,,,1,1.0,['Marketing'],4e8abbaf0fd2f08ace15c1358cbc952df1be5894240a082935c3b6b3078b9d30
kaggle,Ux Designer,81549.18,New York,NEW-YORK,Unknown,,Small,Communication,Medium,,,1,0.0,['Communication'],717e78ec78b10eb9818c613f73732f1b4509d542e94d545aa3f46a4af06129ee
kaggle,Product Manager,114893.76,Paris,PARIS,Unknown,,Large,Machine Learning,Medium,,,1,2.0,['Machine Learning'],97de51e96f421d73f2330b9ef0501cf3139b3e797091597346796599599bdb6f
kaggle,Cybersecurity Analyst,51676.66,Dubai,DUBAI,Unknown,,Medium,Machine Learning,Medium,,,1,1.0,['Machine Learning'],eef4071de5429a32760cf3b1025741426b63cbc35a4429c8a37379cf1e038d32
kaggle,Marketing Specialist,112524.0,San Francisco,SAN-FRANCI,Unknown,,Medium,Python,High,,,2,1.0,['Python'],5280a4f121d1cd5f3b3a6d2477e2ca5184b57e21b0958fc54d838a910708318e
kaggle,Cybersecurity Analyst,84526.08,New York,NEW-YORK,Unknown,,Small,UX/UI Design,High,,,2,0.0,['UX/UI Design'],10d5c44af37e0fc94a9fb94328ca43437da11808398c27501602286a8b70dc04
kaggle,Ai Researcher,99743.29,San Francisco,SAN-FRANCI,Unknown,,Medium,Marketing,High,,,2,1.0,['Marketing'],ce03d28c31ae9d81c736a4f3433d4178cbabdb412160609979693c750004683c
kaggle,Data Scientist,103150.49,New York,NEW-YORK,Unknown,,Medium,Cybersecurity,Medium,,,1,1.0,['Cybersecurity'],4237dabf9158268125ab82a8e73a3c7bcf7132e0821ceaf1b9bf7e9aec1a587e
kaggle,Product Manager,98828.43,New York,NEW-YORK,Unknown,,Large,UX/UI Design,Medium,,,1,2.0,['UX/UI Design'],9c7da647ffa489581fd5eb3f84cc7255456d0bcb46f1e41b2075bb6bde335e00
kaggle,Ai Researcher,72700.99,Singapore,SG,Unknown,,Medium,Sales,Medium,,,1,1.0,['Sales'],79d05b0c7644383af5ed99134d64227a9f93c66a79c709f0c2996f181304973b
kaggle,Sales Manager,82709.02,New York,NEW-YORK,Unknown,,Large,Machine Learning,High,,,2,2.0,['Machine Learning'],fced315df30cff7538bb673f9170b67cab5a9b674acd0ee52da218430c203339
kaggle,Marketing Specialist,60768.88,Berlin,BERLIN,Unknown,,Small,Sales,Medium,,,1,0.0,['Sales'],955daa9d76b18390e0b42f0ef4a4b3ac828b0b61f55cce5e5c46f4bc44bb61e4
kaggle,Software Engineer,99835.93,Paris,PARIS,Unknown,,Medium,Data Analysis,Low,,,0,1.0,['Data Analysis'],57a00ac8b8fa347268d2da391ee74752b34a1a2b2dc213068d4b009bfd6a2fe3
kaggle,Product Manager,124041.1,Sydney,SYDNEY,Unknown,,Large,JavaScript,Low,,,0,2.0,['JavaScript'],fcac1f09c05137c7f8db84262965a0087d461a9b17861aab0f5fccc9a2f571ed
kaggle,Product Manager,53511.18,Toronto,TORONTO,Unknown,,Small,Project Management,Medium,,,1,0.0,['Project Management'],a6e52a285ad8b455045047ea50838acb45d13ed1f0a12f8f4804ddeb720fe966
kaggle,Data Scientist,74767.08,San Francisco,SAN-FRANCI,Unknown,,Medium,Marketing,Low,,,0,1.0,['Marketing'],db9d1b5841cd5fdcfd58772f4b39402cda9ea00874d152c8d40cc383016e4cb2
kaggle,Operations Manager,86364.49,Sydney,SYDNEY,Unknown,,Small,UX/UI Design,Low,,,0,0.0,['UX/UI Design'],95531d1fb4b9d2824f5dfb3e0e66bb56d5208cbad10b237a4c3490c919d9336c
kaggle,Product Manager,93466.83,Toronto,TORONTO,Unknown,,Medium,Machine Learning,High,,,2,1.0,['Machine Learning'],33c1037929cce37f25242b7616ab830a48791847e37a226734c0f2f395f6a578
kaggle,Hr Manager,107583.53,Paris,PARIS,Unknown,,Small,Sales,Medium,,,1,0.0,['Sales'],22204ed30ebc805f0b749daf5d2ea62c9ae66c1ee0a1546d580261ca439a49c1
kaggle,Marketing Specialist,86956.0,Paris,PARIS,Unknown,,Small,Communication,Medium,,,1,0.0,['Communication'],c98f789706b7a0f23ca2414c5b267555b986a000ab49ba0fa05ac4fd6d332d3f
kaggle,Marketing Specialist,83680.83,San Francisco,SAN-FRANCI,Unknown,,Large,Data Analysis,High,,,2,2.0,['Data Analysis'],274d53935afd0e7838b4b03a76e934668a4f5cfd65301f0fc486cb7526c8cb73
kaggle,Hr Manager,112062.61,San Francisco,SAN-FRANCI,Unknown,,Small,Project Management,Low,,,0,0.0,['Project Management'],27f65b0fc9e6cb08aabdc1f1f9aa239dfbb43ba19e6d71829fc387ef5dc69bf5
kaggle,Ux Designer,103239.91,Paris,PARIS,Unknown,,Medium,Project Management,Low,,,0,1.0,['Project Management'],c94fb2b92bddfb40895ac4e2b364b614da630ec784d89fe9629318f48268d430
kaggle,Hr Manager,100779.56,Toronto,TORONTO,Unknown,,Medium,UX/UI Design,Medium,,,1,1.0,['UX/UI Design'],bdddee39c52866da7b2a9562e079d3bbf8ad6404a65d82568552bda09900d83f
kaggle,Hr Manager,92250.31,New York,NEW-YORK,Unknown,,Large,Marketing,Low,,,0,2.0,['Marketing'],1a233ef6841e6fe1b07aaf90967192583f2510358eaa8433a93e869d7fbde1ff
kaggle,Marketing Specialist,109663.04,Dubai,DUBAI,Unknown,,Medium,Cybersecurity,High,,,2,1.0,['Cybersecurity'],6122cf96fa14f749740ec750794c889345c6d8dfdddb8a76ee9989f232b7727a
kaggle,Cybersecurity Analyst,76873.81,London,LONDON,Unknown,,Medium,Communication,High,,,2,1.0,['Communication'],5dc8c542d6fe1eb4317c4661c572d4eff296b1941ec92e675e5095837164de77
kaggle,Marketing Specialist,74146.11,Sydney,SYDNEY,Unknown,,Medium,UX/UI Design,Medium,,,1,1.0,['UX/UI Design'],d5d36c3a2a13ba56147ce84be5a856ac5a0c979f252b28baf7d83665fa5db8bb
kaggle,Operations Manager,104922.02,Singapore,SG,Unknown,,Small,Sales,High,,,2,0.0,['Sales'],0da2ac1cefa324950690ba53a7b9e199882b4552ad4bb235a8cebe47bbd1a907
kaggle,Data Scientist,57499.28,Sydney,SYDNEY,Unknown,,Small,JavaScript,High,,,2,0.0,['JavaScript'],eac806cd075a5621e4939f2e343320544958fa4a15e55531c4ea7173ba0f29d7
kaggle,Ai Researcher,91843.59,Singapore,SG,Unknown,,Medium,Python,Medium,,,1,1.0,['Python'],73a2971fbae99b6a7e374ed7d9e621e5480f0863096a7646499cad91ed74c428
kaggle,Cybersecurity Analyst,83668.83,Toronto,TORONTO,Unknown,,Large,Cybersecurity,High,,,2,2.0,['Cybersecurity'],18b7046c2cd4114fabe2d5c5bf60867cb554a78d95942f38610100147c4b909e
kaggle,Software Engineer,61884.91,Singapore,SG,Unknown,,Small,Marketing,High,,,2,0.0,['Marketing'],99d2a82fe5daca533092fba88b0ca5cdfdd20910f457f31407b63d3dce0c38f7
kaggle,Ai Researcher,71374.65,San Francisco,SAN-FRANCI,Unknown,,Large,Data Analysis,High,,,2,2.0,['Data Analysis'],360ac4af14156f24501cdad1c0e4fe9c0b02df3282b01fca77dc1db215d9353f
kaggle,Data Scientist,87820.48,Dubai,DUBAI,Unknown,,Medium,Cybersecurity,Low,,,0,1.0,['Cybersecurity'],03f9385243359500d8cae360e0a6de7b34d60dc25918d873bbd3f476714eeabb
kaggle,Operations Manager,110679.27,Dubai,DUBAI,Unknown,,Medium,Machine Learning,Medium,,,1,1.0,['Machine Learning'],0f866f2fc6a3f6f1b04738251b704dd50fd633676ac65f522d25be9c0831ef41
kaggle,Operations Manager,76940.84,San Francisco,SAN-FRANCI,Unknown,,Small,Marketing,Medium,,,1,0.0,['Marketing'],24f884238e6dbc398089a94a9ca0a772a3e5e435f587314f445e307f44b7f8db
kaggle,Software Engineer,114267.63,Berlin,BERLIN,Unknown,,Medium,JavaScript,Medium,,,1,1.0,['JavaScript'],23dc1a82bddc1e9b67c20a479f3b03e141396635625e1d1238006a18cb2dcb15
kaggle,Cybersecurity Analyst,91263.58,Toronto,TORONTO,Unknown,,Small,Machine Learning,Low,,,0,0.0,['Machine Learning'],0d6ab247045c3a6c34e279415b378ba08399dd05ad3005f6d9488101213a3748
kaggle,Ux Designer,116207.69,Berlin,BERLIN,Unknown,,Medium,Cybersecurity,Low,,,0,1.0,['Cybersecurity'],50e3a5bcd1b32647d29e5bd865d76181576dff2d52b8cca836c32a47343e714b
kaggle,Hr Manager,77910.17,Berlin,BERLIN,Unknown,,Medium,Python,Medium,,,1,1.0,['Python'],113115f5591663c01a9d8ed42091d3d5a90e40cae7746401fe5b4664b4221667
kaggle,Cybersecurity Analyst,89023.81,Sydney,SYDNEY,Unknown,,Small,Python,Low,,,0,0.0,['Python'],a1ab08a4d05cc89921d648293ee6d6efd417b1278e6e8800edf56e91b5b7f5d9
kaggle,Ux Designer,97369.67,Paris,PARIS,Unknown,,Small,JavaScript,Medium,,,1,0.0,['JavaScript'],bab9e7610523134026fd2408162f087536cb304e3e50e17070087f6be34f2924
kaggle,Operations Manager,86409.79,Sydney,SYDNEY,Unknown,,Small,Project Management,Low,,,0,0.0,['Project Management'],b63ea9aa79bf5d373b2bea77c5912ddb9de0be28d6031842c828be0bdc4ff437
kaggle,Marketing Specialist,109060.48,Paris,PARIS,Unknown,,Medium,Communication,High,,,2,1.0,['Communication'],4f6cf1e0957f4b13ace2795e559b0eb21c463d2fc637066445c03536b33433b3
kaggle,Data Scientist,45848.73,London,LONDON,Unknown,,Medium,Data Analysis,High,,,2,1.0,['Data Analysis'],5dc93903cd13bc7539bf6f8cf1d4e1fbc54cdf141bcced9e4b6be3ba391962ff
kaggle,Software Engineer,138448.11,Singapore,SG,Unknown,,Large,Project Management,Medium,,,1,2.0,['Project Management'],a396317a50d1d3a31eb5f96b5af0b4610a0db72f930618e0d3a7c06184a39ab6
kaggle,Data Scientist,107155.49,Paris,PARIS,Unknown,,Small,Python,Low,,,0,0.0,['Python'],8ecc83d46ad803ebe7d4562f4eff1f21e3696cf5e86cd511281a6f55ef85f999
kaggle,Sales Manager,86529.36,San Francisco,SAN-FRANCI,Unknown,,Medium,Python,Low,,,0,1.0,['Python'],b226b9f77878183f1a4ca08c1c570f27294f5abeee8bc42c11f9ffc32e0a7282
kaggle,Sales Manager,78953.57,Sydney,SYDNEY,Unknown,,Medium,Sales,High,,,2,1.0,['Sales'],74771d8a924c1d1e98bb60b78aafed978ad3bf0c0aaec70dc753fa5f2fb08456
kaggle,Cybersecurity Analyst,72671.59,Toronto,TORONTO,Unknown,,Small,Machine Learning,High,,,2,0.0,['Machine Learning'],9c600443dc96cbff0676de3a5fbabf8e385dd6d7e348a211413a15c80aa79349
kaggle,Operations Manager,102912.31,Singapore,SG,Unknown,,Large,Cybersecurity,Low,,,0,2.0,['Cybersecurity'],39c9d9233341c7210e8fe0a704bab97d63ec4b908e3a88b617e042fdbc4c6ccd
kaggle,Operations Manager,109899.63,London,LONDON,Unknown,,Small,Data Analysis,Low,,,0,0.0,['Data Analysis'],6da4ef7c97bf6c1e27bce1d7800daa386f7853d43dc5b0daf92b14562663895b
kaggle,Hr Manager,86749.48,Paris,PARIS,Unknown,,Large,JavaScript,Low,,,0,2.0,['JavaScript'],e5fd098fc8827a0a0a33f50fd1aa00e5914bd8346d12c3a3feda204eb2ee8aec
kaggle,Hr Manager,112139.81,London,LONDON,Unknown,,Medium,Cybersecurity,Low,,,0,1.0,['Cybersecurity'],fab27c0e854e21283da66f461146381334c8abcb5818abb1adecc8f7e3d54e73
kaggle,Hr Manager,71854.8,Toronto,TORONTO,Unknown,,Large,Sales,Low,,,0,2.0,['Sales'],0ac2b6460e0522d672369fa628167427d465c9c0aad9add8813300f60d73a296
kaggle,Marketing Specialist,68323.78,Berlin,BERLIN,Unknown,,Medium,Python,Low,,,0,1.0,['Python'],34c8df18450364682fc13885bd7ba9ba5b65cf650c6d803e1fe13cfb86713e18
kaggle,Ai Researcher,126266.82,Dubai,DUBAI,Unknown,,Small,JavaScript,Medium,,,1,0.0,['JavaScript'],e17e3f84f1c6b457aec0817bcfc08d9f4ac8adf9b5dc42cfe77ea87b16ff49d2
kaggle,Product Manager,101822.17,Toronto,TORONTO,Unknown,,Small,Python,Low,,,0,0.0,['Python'],9586784acc6cd75227cbbc3948258a5c2bf230200e4cddfc4689fc6ac6b74d6b
kaggle,Ai Researcher,117936.96,Tokyo,TOKYO,Unknown,,Small,Data Analysis,High,,,2,0.0,['Data Analysis'],8b15fd1f99c66ff537fa6ad3b3601b44d9ebbc78e23b0e1b3d3e32e06f7a8e49
kaggle,Data Scientist,72921.21,Toronto,TORONTO,Unknown,,Large,Machine Learning,Medium,,,1,2.0,['Machine Learning'],3f584dcb22f54febcc23ce60ff4ea203679ae9ca7502d7b7bb6045b20e0a5b3f
kaggle,Ai Researcher,71529.49,London,LONDON,Unknown,,Medium,Cybersecurity,Low,,,0,1.0,['Cybersecurity'],021114a5808516d42d35034e24d11061e454d25061ff4d7c20fa67418884cbcd
kaggle,Marketing Specialist,82827.81,San Francisco,SAN-FRANCI,Unknown,,Small,Cybersecurity,High,,,2,0.0,['Cybersecurity'],0eee2aee40ecf953dcb19a29e2434c4bc93a0e5fd0a68dfee32fceb6796f518f
kaggle,Data Scientist,73518.82,Sydney,SYDNEY,Unknown,,Small,Project Management,Medium,,,1,0.0,['Project Management'],0d70b3773ff132d973b6290556f4a7ec308829b75dcbc3ccdc9d5e0005edad63
kaggle,Ai Researcher,104107.3,San Francisco,SAN-FRANCI,Unknown,,Medium,JavaScript,High,,,2,1.0,['JavaScript'],77ba0c38d35768bf710097509a527aed7f2d4048b2c8738df4b0ed7a64ff8566
kaggle,Marketing Specialist,74977.48,London,LONDON,Unknown,,Small,Communication,Low,,,0,0.0,['Communication'],1c5a39da53aeab973eb8432d77bd391be4be3345c7c737be53df9fbf788978a0
kaggle,Product Manager,66566.6,Sydney,SYDNEY,Unknown,,Medium,Sales,Low,,,0,1.0,['Sales'],5bddca3a3a7d4b403d220bc54f9d0846534134a6effbb45f03573576b0634543
kaggle,Ai Researcher,92840.31,Tokyo,TOKYO,Unknown,,Medium,Communication,Low,,,0,1.0,['Communication'],f00b5131c5fa8262d5b63bebf3a60bfc6f7d0edb5ef2737c4d3c08b40cf1d2da
kaggle,Marketing Specialist,64200.28,Dubai,DUBAI,Unknown,,Medium,Project Management,Low,,,0,1.0,['Project Management'],805afbcf89dc4cd825790b134b5351ec23645810efd82e12fc77e740518c2b50
kaggle,Hr Manager,54010.72,Singapore,SG,Unknown,,Medium,Data Analysis,Medium,,,1,1.0,['Data Analysis'],33dd01143d8a6cd1d7241f561cc3cd26415dc3c214dbca3327817efc84bf9893
kaggle,Operations Manager,92665.14,London,LONDON,Unknown,,Medium,Sales,Medium,,,1,1.0,['Sales'],f41ab5a32bd27635fdc2f4ff17f800907e1c4455ecdd00d9b06208c26454aa6d
kaggle,Hr Manager,55015.6,Paris,PARIS,Unknown,,Large,Machine Learning,High,,,2,2.0,['Machine Learning'],e8adfde3ae9da2b20dcee6d9cf02e662d7b8517ca8d0e939486688f9ada1fa8f
kaggle,Operations Manager,105505.59,London,LONDON,Unknown,,Small,Communication,Low,,,0,0.0,['Communication'],41f8b380989671e15ab13fcc139d15a7a68920cf76ba35b2efa195e851602241
kaggle,Software Engineer,62093.33,London,LONDON,Unknown,,Large,Machine Learning,High,,,2,2.0,['Machine Learning'],4705e61fe8d60f57a8bfbd77a35c29fb69245a3e49f51f48ac81c85a539238be
kaggle,Software Engineer,45186.52,Sydney,SYDNEY,Unknown,,Small,Communication,Medium,,,1,0.0,['Communication'],9fdef1ce757b47d32df32ae0a7193a9531c8cf8ad69bfd52b7d4554437e719ae
kaggle,Software Engineer,84124.07,New York,NEW-YORK,Unknown,,Large,Machine Learning,Low,,,0,2.0,['Machine Learning'],8b7d24e50581bdc688a0a8f38aeac1ab974812bf6df732177ad22685d5c1f42d
kaggle,Product Manager,92891.89,Toronto,TORONTO,Unknown,,Medium,Communication,Low,,,0,1.0,['Communication'],c4eadff55863cf540ac5ef6365eeef7cfd8b97b92f8619251adc6752f89ea4c5
kaggle,Hr Manager,99829.5,New York,NEW-YORK,Unknown,,Small,Machine Learning,Medium,,,1,0.0,['Machine Learning'],c24814f8020ac85fb7d0e3b16e988d87627ca5de6ca04d749118752ff5a0c08b
kaggle,Operations Manager,93440.31,Tokyo,TOKYO,Unknown,,Small,Project Management,Medium,,,1,0.0,['Project Management'],588df62bab59fc2e3cf0ce10d3a3a7bfe922d34ab22b2199c159e3841574f261
kaggle,Marketing Specialist,68813.75,Paris,PARIS,Unknown,,Large,Marketing,Medium,,,1,2.0,['Marketing'],b9c9e1ea110f7c78dcc2781c74ccff097b92cf5b7d93c988607d466fa74ca2cb
kaggle,Data Scientist,104261.22,Dubai,DUBAI,Unknown,,Large,Sales,Medium,,,1,2.0,['Sales'],dc02edc5e97aabfaa68ae70600086844214c44b6fd30ec0f7443fa5efe13582c
kaggle,Marketing Specialist,109202.77,Berlin,BERLIN,Unknown,,Small,JavaScript,Medium,,,1,0.0,['JavaScript'],6b263478387b4ee9d93a679d1c1faf97455934c55dff69ec8dafe9852f350b24
kaggle,Data Scientist,65884.76,Tokyo,TOKYO,Unknown,,Large,Data Analysis,Low,,,0,2.0,['Data Analysis'],a531d5d8e57c2221c4d9a07c4d95a20490e0d1eb94a6281c05fee27204abe246
kaggle,Sales Manager,86379.88,Berlin,BERLIN,Unknown,,Large,UX/UI Design,Medium,,,1,2.0,['UX/UI Design'],97e6748e2de5c01461993f6411acab403561de94aea7c3f56c724f09b856d9c9
kaggle,Marketing Specialist,84511.2,Berlin,BERLIN,Unknown,,Large,Python,Low,,,0,2.0,['Python'],8042de24f76105717b72ac583bc69c04ad09c1003c630c2753598568dbbbcab5
kaggle,Ai Researcher,94407.63,Dubai,DUBAI,Unknown,,Medium,JavaScript,Low,,,0,1.0,['JavaScript'],a305ff081148a9e46c7c0d54561dc833ea6be97c3b138bab0e70521634347c11
kaggle,Ai Researcher,85901.52,San Francisco,SAN-FRANCI,Unknown,,Medium,Python,Medium,,,1,1.0,['Python'],1ced9cd6bb192a61439021e23768d682ed11a50cb46b018b047ca3aa1d3a27ab
kaggle,Cybersecurity Analyst,88642.44,New York,NEW-YORK,Unknown,,Large,Sales,Medium,,,1,2.0,['Sales'],d728e6838cb4a32203f421a54cb3c214f7ab3f28db574a3ba2da823418e39440
kaggle,Hr Manager,102836.31,London,LONDON,Unknown,,Large,JavaScript,Low,,,0,2.0,['JavaScript'],0cd6c24a32de458377b3a802365dacc9726b989882689cbd13f1992cd3fa1407
kaggle,Data Scientist,67722.94,Singapore,SG,Unknown,,Medium,Machine Learning,Medium,,,1,1.0,['Machine Learning'],e03df2ba2c1766f925ce4c2085d4598332aeeae17f3b9517794cfd0feec17dd7
kaggle,Data Scientist,104747.46,Berlin,BERLIN,Unknown,,Medium,Machine Learning,Medium,,,1,1.0,['Machine Learning'],0f361d2e3538c14afb751fc381386e3709df6e96c76041ab88d9bf13a2323484
kaggle,Hr Manager,112822.65,Paris,PARIS,Unknown,,Small,UX/UI Design,Medium,,,1,0.0,['UX/UI Design'],00bc2bbefbece42c076dc9bc7d0ea7fea584183f62bceada5ceaaec153a79c3e
kaggle,Product Manager,122682.7,Tokyo,TOKYO,Unknown,,Small,Python,High,,,2,0.0,['Python'],f24f495d591be0b2cc15a88a2f72eff3f480fd9bbb3d4dc8769e4d243265940b
kaggle,Cybersecurity Analyst,47132.65,San Francisco,SAN-FRANCI,Unknown,,Medium,Data Analysis,Low,,,0,1.0,['Data Analysis'],9938f9fcb66e43c6ec5bb38dd567d03e560bd0cae2b1333375dda491ede52258
kaggle,Product Manager,86341.97,Berlin,BERLIN,Unknown,,Large,Sales,High,,,2,2.0,['Sales'],355466fa816b14f6ee582eb097254c821928116d488261ebc1640f6abd97eec9
kaggle,Product Manager,50697.99,San Francisco,SAN-FRANCI,Unknown,,Large,Machine Learning,Medium,,,1,2.0,['Machine Learning'],a1b040c3ef11ceca1cacb02837d5658ca3c5690fea35de03b971a11f3811632c
kaggle,Product Manager,41298.73,San Francisco,SAN-FRANCI,Unknown,,Large,Marketing,High,,,2,2.0,['Marketing'],08e3d8ed8d04318031957b7df69dba11131c99263d13339826333d38251d59ad
kaggle,Hr Manager,92881.86,Berlin,BERLIN,Unknown,,Large,Project Management,Medium,,,1,2.0,['Project Management'],1e769b395538802f2bf71fedb3e93ddd7e54b2a1e0a6eda494cd5ce75fb70da1
kaggle,Product Manager,82016.96,Sydney,SYDNEY,Unknown,,Small,Project Management,High,,,2,0.0,['Project Management'],d4948988a5bee99fe9e94b1f2cac94c1cca8feda847e7ec3b5e9843fbbc253bb
kaggle,Ai Researcher,95997.02,Toronto,TORONTO,Unknown,,Medium,Communication,Medium,,,1,1.0,['Communication'],2fa52fe1aa166147bcdc3c799a2c62981abb311f905b0fa88cfe8183241c4d8e
kaggle,Software Engineer,99722.55,Paris,PARIS,Unknown,,Large,Data Analysis,High,,,2,2.0,['Data Analysis'],42148266818a10627b33ec0db3aa625349e0d780d0a323ce0ced5c9a24c58038
kaggle,Sales Manager,114957.92,London,LONDON,Unknown,,Small,Project Management,High,,,2,0.0,['Project Management'],c1d776766b16ae3e77c9d4ea50df5b2c9958d2466a9a10369d681bddcac61780
kaggle,Data Scientist,91078.41,London,LONDON,Unknown,,Large,Communication,High,,,2,2.0,['Communication'],1656cb79de65bb08fc7db5dd1034d9421e6a9040f904ed0c857d1de57a957922
kaggle,Data Scientist,148467.11,Paris,PARIS,Unknown,,Medium,Python,Low,,,0,1.0,['Python'],25a8140ae199ff431c0f50e308db5ef2ba3c21ad8ce6e6dac7a6ebff351e0c72
kaggle,Sales Manager,96128.2,Sydney,SYDNEY,Unknown,,Small,Machine Learning,High,,,2,0.0,['Machine Learning'],e0247f1eeeec67e7ef75b2e7423a9935fc7c5445a6a199c4a2e886ab42b50d3b
kaggle,Hr Manager,126849.58,London,LONDON,Unknown,,Medium,Machine Learning,Low,,,0,1.0,['Machine Learning'],44dc9ac510ae5eef6439f2ae4a9069025540e23100ad45d2d6aab0d84e97b742
kaggle,Marketing Specialist,43343.24,San Francisco,SAN-FRANCI,Unknown,,Medium,Marketing,Medium,,,1,1.0,['Marketing'],fc1b555675aa41462f1bbf76725525c9d11b04c5b936a952ab4c7e583c239600
kaggle,Hr Manager,116994.79,Dubai,DUBAI,Unknown,,Small,JavaScript,High,,,2,0.0,['JavaScript'],5eea291bb5ece3a6f8979452e0a3cdd7ac3b1854efe57f6c5a24016688833b5f
kaggle,Data Scientist,86384.79,Tokyo,TOKYO,Unknown,,Small,Project Management,Medium,,,1,0.0,['Project Management'],fce766f4a2bc5d301bd6ad87a3818c15bf8754e9240fa4f271a7671e924a4929
kaggle,Data Scientist,51033.05,New York,NEW-YORK,Unknown,,Small,Python,Medium,,,1,0.0,['Python'],5865c8b060727591e6f0795771e1476fdfdc7b00035886a8a73622cd3d6402b0
kaggle,Sales Manager,98410.9,London,LONDON,Unknown,,Small,Cybersecurity,High,,,2,0.0,['Cybersecurity'],3f7e41fed0eef2f0697747817ad8f37bea65cc495548513175909dae1a960afd
kaggle,Product Manager,83940.89,Paris,PARIS,Unknown,,Small,Project Management,Low,,,0,0.0,['Project Management'],24e4ffd5acdc1a2e484f5435d9e9ad73286c4f20ea8a129a2db12136a2480ce7
kaggle,Hr Manager,101601.06,Dubai,DUBAI,Unknown,,Small,Data Analysis,High,,,2,0.0,['Data Analysis'],06353bcde64e3c486d9c3056f1711a11b9c8a784da9c446ff4637f38e83c118f
kaggle,Operations Manager,110221.53,Berlin,BERLIN,Unknown,,Small,JavaScript,Medium,,,1,0.0,['JavaScript'],957e0bd0f7e46edd59f72dc03611641cf91308816af400114f242b85a57b4323
kaggle,Sales Manager,60217.0,Toronto,TORONTO,Unknown,,Large,Project Management,Medium,,,1,2.0,['Project Management'],47bddd7f6a2682d7ac63cfb963b44a968c351370dbcfc9d8460547d2cb702f7f
kaggle,Ai Researcher,110298.38,Paris,PARIS,Unknown,,Medium,Python,High,,,2,1.0,['Python'],0b3c8484facabf30bb90a830f300dcfacab25a417f3e5bb122ef263cb7bb86ce
kaggle,Data Scientist,90129.59,San Francisco,SAN-FRANCI,Unknown,,Small,Project Management,Low,,,0,0.0,['Project Management'],fe8f2240fd8c82190c0bb11a54596fb47897757c9d111e94656b547401a424a1
kaggle,Sales Manager,117056.82,Toronto,TORONTO,Unknown,,Large,Data Analysis,Low,,,0,2.0,['Data Analysis'],66d66abba3630ad360d562faba8e7f4ae0bb24d3ab86140d66b8d7716b5aaffd
kaggle,Hr Manager,85897.04,Tokyo,TOKYO,Unknown,,Large,Cybersecurity,Medium,,,1,2.0,['Cybersecurity'],4f4e94a0439bbb0dd8184ed64a88835b03196e1cf52b536fffee68ab1d4add44
kaggle,Data Scientist,80591.82,Tokyo,TOKYO,Unknown,,Large,Sales,Medium,,,1,2.0,['Sales'],df93b5f87591da9379dec730603f6059756602baea014d4c6c7b14d5c59a2747
kaggle,Marketing Specialist,90541.08,Sydney,SYDNEY,Unknown,,Medium,UX/UI Design,Low,,,0,1.0,['UX/UI Design'],d952f381bad41d234a25d0cf14e6a72807bb225da1559fb8978d4173e1698fd7
kaggle,Sales Manager,92037.21,Singapore,SG,Unknown,,Small,Cybersecurity,High,,,2,0.0,['Cybersecurity'],e417e7d627ab679c1c34aff9d2a19fbcb0c6973cf5f4bfd4423e9b191c348d89
kaggle,Cybersecurity Analyst,76744.3,Sydney,SYDNEY,Unknown,,Large,Communication,Medium,,,1,2.0,['Communication'],e3e5e5d4a1c059720230511cd06caedcd3a423b13f7311144378579f82287002
kaggle,Data Scientist,80073.91,Dubai,DUBAI,Unknown,,Medium,Project Management,Low,,,0,1.0,['Project Management'],aa2dc0e09d591985e8bac746bbc833830924a27cb1c3dba0480223d54345ab65
kaggle,Hr Manager,65462.49,Toronto,TORONTO,Unknown,,Medium,Machine Learning,Medium,,,1,1.0,['Machine Learning'],824cfb9bd73e07ee754829d3264a85aba85e3fba0b667cbd4dddfba4113fe1a8
kaggle,Software Engineer,81307.1,Singapore,SG,Unknown,,Medium,Marketing,High,,,2,1.0,['Marketing'],47a3d03b2251999e82652af4abf6bb659ebcdb995c2ad5a7d252b125aed9d538
kaggle,Operations Manager,103526.2,Berlin,BERLIN,Unknown,,Large,Machine Learning,Low,,,0,2.0,['Machine Learning'],1a1bd92d8df948cf8694778a493901e11e5be5341bae09dfbc05df09faa83542
kaggle,Ux Designer,87252.92,San Francisco,SAN-FRANCI,Unknown,,Small,Cybersecurity,Medium,,,1,0.0,['Cybersecurity'],01b1c2d3ba448384a9671754d2ff4fbafb3fb2ba4a6073507a4c58f572b52548
kaggle,Product Manager,110181.31,Toronto,TORONTO,Unknown,,Large,Machine Learning,High,,,2,2.0,['Machine Learning'],a57e63419a9d489361321d21d69ad7080d28a5a3dc6fd949acee18f4967c5ff8
kaggle,Ux Designer,86291.41,Sydney,SYDNEY,Unknown,,Large,Python,Medium,,,1,2.0,['Python'],7addf9159f2ab78ed0e6dd221c599ef6d3181882c2075d52048916ece1bf1d39
kaggle,Hr Manager,61369.64,New York,NEW-YORK,Unknown,,Small,Machine Learning,High,,,2,0.0,['Machine Learning'],3ca1409fbf4c7f96c0385a2b8cde18a4dd8dc55ac49f53bcd5f95f5479d2d80f
kaggle,Ai Researcher,101945.5,Singapore,SG,Unknown,,Small,JavaScript,High,,,2,0.0,['JavaScript'],659ce3285669fb6a6a07b81c620cadcfaf94bd994febd21823548e518e3f5dd4
kaggle,Ai Researcher,76527.54,Singapore,SG,Unknown,,Small,Sales,Low,,,0,0.0,['Sales'],11aedb5e0f71688e68d945d00f14334613108713d341be6042abe620f7efe3c2
kaggle,Software Engineer,85332.65,San Francisco,SAN-FRANCI,Unknown,,Medium,Project Management,High,,,2,1.0,['Project Management'],db69994c28354084cfe6614615e26dd416a7908ffac1f032b01448b54f2cc465
kaggle,Product Manager,114751.44,London,LONDON,Unknown,,Small,Machine Learning,Medium,,,1,0.0,['Machine Learning'],c9144b498914c7e00ba984d7e9a8af938b24da93b0679cc259b0c8cc5443e170
kaggle,Cybersecurity Analyst,66782.59,Tokyo,TOKYO,Unknown,,Large,Data Analysis,High,,,2,2.0,['Data Analysis'],8ed5c4e21455b5ac22638fbd0761a869b703574fafc09938d6e0ec1b66309420
kaggle,Software Engineer,93294.88,Tokyo,TOKYO,Unknown,,Small,Sales,High,,,2,0.0,['Sales'],586777c7325af2a834729230bd7b34f962a731e0242b4834703080d8175ea434
kaggle,Ux Designer,89189.63,New York,NEW-YORK,Unknown,,Large,Sales,Low,,,0,2.0,['Sales'],ed01fae3e6a5f0746eba15ad0f1c7d633fbc90501526259bf2231149a1077d0a
kaggle,Software Engineer,104018.51,Dubai,DUBAI,Unknown,,Medium,Machine Learning,High,,,2,1.0,['Machine Learning'],7c2d3f45dffefc00b87d617fad1c589250c1362a0666c3c13bd8742558f0b3bb
kaggle,Ux Designer,107103.07,Dubai,DUBAI,Unknown,,Large,Sales,High,,,2,2.0,['Sales'],564558d4e7d447ab2f8b8fe54a5d5c14edeb3615373a1be869a6b6dd16381205
kaggle,Data Scientist,95276.78,Berlin,BERLIN,Unknown,,Large,Marketing,Medium,,,1,2.0,['Marketing'],1cb8ac02d9d56cb5222db5724b187a9391e27a409d61dae38688e9912010eb6a
kaggle,Ai Researcher,82792.51,Toronto,TORONTO,Unknown,,Small,Machine Learning,Low,,,0,0.0,['Machine Learning'],00e184957d8a76e179373bcf7f19ca902fe64226e0d0ce7b72218db7724030bf
kaggle,Data Scientist,99467.45,Paris,PARIS,Unknown,,Small,Python,Low,,,0,0.0,['Python'],bc5503c27046811f7edbba294de1991cf7496fa797018ede6a6383cb6ede6266
kaggle,Operations Manager,116713.12,London,LONDON,Unknown,,Large,Cybersecurity,Low,,,0,2.0,['Cybersecurity'],82ee4a88cf7042c764c512e359fe31e1d8e615f021fd6a8157e0d487ddb0c4fc
kaggle,Product Manager,89454.2,Sydney,SYDNEY,Unknown,,Small,JavaScript,High,,,2,0.0,['JavaScript'],239ee2f0f85a6fc8cff9b28b58811e4d40329bde1bf19767be4f51bf46bf3d7b
kaggle,Cybersecurity Analyst,84654.88,Paris,PARIS,Unknown,,Medium,UX/UI Design,Low,,,0,1.0,['UX/UI Design'],c1c321ed14a3eba506c7f2de54c0d51dad774e5be6264da813f74359968d50f3
kaggle,Ux Designer,97763.41,Paris,PARIS,Unknown,,Medium,Communication,High,,,2,1.0,['Communication'],86802c1ff37b63dc642f4c19fe162d03e970f2051145b29747fe604e546017e0
kaggle,Cybersecurity Analyst,90774.54,Singapore,SG,Unknown,,Small,Sales,High,,,2,0.0,['Sales'],56585ac3f48bd4eb842791b830a4c560d514d448db2262a4bdefa0c8f188afea
kaggle,Ux Designer,63245.81,New York,NEW-YORK,Unknown,,Medium,Python,Medium,,,1,1.0,['Python'],c1de81c8fa01c6650aa54a76f0be3e7338419b2ca435290097396189d1786ad8
kaggle,Hr Manager,94786.62,Tokyo,TOKYO,Unknown,,Small,Project Management,Medium,,,1,0.0,['Project Management'],d63998284e488153e3d6e87bba8b1eb9e894ae95488cddafdcf6c752b3ae4d6f
kaggle,Software Engineer,63064.75,Berlin,BERLIN,Unknown,,Large,Project Management,Medium,,,1,2.0,['Project Management'],64238e64a4e890cae8324b292429af7970242a827199333ee8ace3e322193b44
kaggle,Operations Manager,97489.61,Dubai,DUBAI,Unknown,,Large,Communication,Medium,,,1,2.0,['Communication'],f0121d6606e2ca57e9596e9cbcd6af54affa2de8b6a8d468727d224b615bdd34
kaggle,Ai Researcher,74057.15,New York,NEW-YORK,Unknown,,Medium,JavaScript,Medium,,,1,1.0,['JavaScript'],c40c89d3e632679532bb8a89b4fc7587deede9bb43b07951da8d56949cb02dbb
kaggle,Ux Designer,90737.5,Singapore,SG,Unknown,,Small,Sales,High,,,2,0.0,['Sales'],a80914879a8d333d2d2ed49e29ab4b35ae77218a92fd347db81a9c1cbe849e44
kaggle,Cybersecurity Analyst,97811.88,Sydney,SYDNEY,Unknown,,Small,Marketing,High,,,2,0.0,['Marketing'],07feb19ec3bfa4b9a9dceddcaea467d562d57954d4faed0c9b48a80809144aa8
kaggle,Operations Manager,139078.07,Berlin,BERLIN,Unknown,,Medium,Communication,Low,,,0,1.0,['Communication'],bd384b0b10d872f184a24831cdece0aa2032b59c559a537de040cc7e735f5239
kaggle,Marketing Specialist,104855.0,Singapore,SG,Unknown,,Large,JavaScript,High,,,2,2.0,['JavaScript'],36ea028d152d816202226dbbc2b65b50bd26a17d5b1d5ff03b82ad35aa49c798
kaggle,Marketing Specialist,117295.98,Tokyo,TOKYO,Unknown,,Medium,Sales,High,,,2,1.0,['Sales'],cec99fecbc45004083b25ddc2a2e550bb2f0a42f8ba9502f59b5ccd8b84935e8
kaggle,Data Scientist,127434.96,Tokyo,TOKYO,Unknown,,Large,Python,Medium,,,1,2.0,['Python'],3881e719638b05d14dbe818a56652dbb61918167cd1d0761488d7fbc9a542967
kaggle,Ai Researcher,99785.12,Tokyo,TOKYO,Unknown,,Small,Cybersecurity,High,,,2,0.0,['Cybersecurity'],f1a047ece22a1d8f88c068fdac2897d14f9d368ebd241f9fd0b1f3924c2a85c8
kaggle,Hr Manager,95713.8,New York,NEW-YORK,Unknown,,Large,Marketing,Medium,,,1,2.0,['Marketing'],c5f94bddf6836140bfea083d85e6d66399ed8f13b5a49d0420acd697dd3bd94e
kaggle,Cybersecurity Analyst,68665.58,New York,NEW-YORK,Unknown,,Medium,UX/UI Design,Low,,,0,1.0,['UX/UI Design'],132ccbb26c5d6ac71594cc0fe9deb74653b23173092b9e3f9d73659bf55ce328
kaggle,Software Engineer,87667.4,Dubai,DUBAI,Unknown,,Small,Project Management,Low,,,0,0.0,['Project Management'],8ded66d1bf01950f58932f041653bc3381bbcfc40a04dc58e2bdfebe359f5635
kaggle,Software Engineer,75538.25,Dubai,DUBAI,Unknown,,Medium,Data Analysis,High,,,2,1.0,['Data Analysis'],7e47e7fe5eb92f524b176b677ccd746d1d3ac85c80a7b752b0ad24919a7c5fb6
kaggle,Cybersecurity Analyst,81978.82,Sydney,SYDNEY,Unknown,,Medium,Python,Low,,,0,1.0,['Python'],2c21456cca040510d68745338984adee8c6392cba3ef95e801df462a352b14d5
kaggle,Product Manager,127413.27,Berlin,BERLIN,Unknown,,Large,Project Management,High,,,2,2.0,['Project Management'],cb8d323ffa60906ca27bfa619a30e718ecf9756680f32a590d1e7a4b8e27e929
kaggle,Hr Manager,92292.43,San Francisco,SAN-FRANCI,Unknown,,Medium,Machine Learning,Low,,,0,1.0,['Machine Learning'],2adf40c982d209d6aa3ee7e860656131ce3c087b35b09c3faa2b84f82085898f
kaggle,Operations Manager,72482.01,San Francisco,SAN-FRANCI,Unknown,,Large,Data Analysis,Medium,,,1,2.0,['Data Analysis'],d61b106a55c05cb1144e5727a25cedf1a46664e743e3e25c947f8924cb2c1c61
kaggle,Ux Designer,117490.67,Singapore,SG,Unknown,,Small,Project Management,Medium,,,1,0.0,['Project Management'],aa9e807d9eceb1b93c6135bb5aec95b440a9699f9e8ab25f8b0cf6c4d476fa00
kaggle,Product Manager,109105.51,Tokyo,TOKYO,Unknown,,Large,JavaScript,Medium,,,1,2.0,['JavaScript'],a06889484fce13f216b46fabfe69e4c01374f075a43abd76379d47b9a17eb681
kaggle,Ux Designer,110153.07,Berlin,BERLIN,Unknown,,Small,Marketing,Medium,,,1,0.0,['Marketing'],afccc17c115d23f563aede7ccf46fac7b89a125ac59e73bafcd53b064693b5c6
kaggle,Ux Designer,49877.4,Paris,PARIS,Unknown,,Large,Project Management,High,,,2,2.0,['Project Management'],0eef7cf533628e276a8b262851defc679cf0b7d2a526c9b396e4a4b9d54f4752
kaggle,Product Manager,128973.42,New York,NEW-YORK,Unknown,,Medium,UX/UI Design,Low,,,0,1.0,['UX/UI Design'],0125f34c48f071ed10d1601a7c9ca32acebab107d521a9c34062b01c3c4d0c4d
kaggle,Data Scientist,78829.71,Toronto,TORONTO,Unknown,,Large,Cybersecurity,High,,,2,2.0,['Cybersecurity'],55d51fa34c4ee2f3f75e3aad2dda9b6ba9d3fc8c8f26a04147611eafec48a7a4
kaggle,Marketing Specialist,105559.1,London,LONDON,Unknown,,Large,JavaScript,Medium,,,1,2.0,['JavaScript'],1b0caf3505c6842023bdd5fa59417dabc4eaae30bbda3c8508e34a07c4cdb91b
kaggle,Ux Designer,140476.0,Sydney,SYDNEY,Unknown,,Small,Python,High,,,2,0.0,['Python'],91995f6e6d071800313db15bc8f5adefc784d62ddb9d56c75eea38a0f516fcaa
kaggle,Product Manager,133106.65,Tokyo,TOKYO,Unknown,,Medium,Python,Low,,,0,1.0,['Python'],23d2292ed81940797b413fe48f990493a27132e493cd1669cb153d45cb150afc
kaggle,Product Manager,70448.76,Tokyo,TOKYO,Unknown,,Large,Python,High,,,2,2.0,['Python'],60a29f0c3f77205a7a15d8e3d2e3eb1e3b8fc1ac42e5a207f81af487fcc25638
kaggle,Sales Manager,61109.65,Tokyo,TOKYO,Unknown,,Medium,Python,Low,,,0,1.0,['Python'],5f9cf3822ef705e75690f84d9032bf769bedb0ee4c7ec1ca0c582e76fa31f4f8
kaggle,Data Scientist,118606.93,New York,NEW-YORK,Unknown,,Large,Cybersecurity,High,,,2,2.0,['Cybersecurity'],14b56330cbf9af97d4a29ce6eee429c1bc7c7d14d943a0d7c093eadf7895bd11
kaggle,Ai Researcher,92841.12,New York,NEW-YORK,Unknown,,Large,Project Management,Low,,,0,2.0,['Project Management'],95d2e67a6cdfade3a0ab6dca2c27bb9cab90c9d8333072f6d6e19c9262881aae
kaggle,Sales Manager,79982.37,London,LONDON,Unknown,,Medium,Sales,Low,,,0,1.0,['Sales'],31aba4259ac54c7e6054a23a44726964c43d39960559a2d2334adee27a82338d
kaggle,Sales Manager,102424.37,Paris,PARIS,Unknown,,Large,Project Management,Medium,,,1,2.0,['Project Management'],3e04b783283c079b587462ed1a6118580007d7b5e9db9723868b7336195ce2a1
kaggle,Cybersecurity Analyst,86742.41,Berlin,BERLIN,Unknown,,Medium,Machine Learning,Low,,,0,1.0,['Machine Learning'],cb08b669aaf5f113f00efa9b990a24f5b876e10d34d88b9d412e1f830c5b1063
kaggle,Marketing Specialist,104026.48,Tokyo,TOKYO,Unknown,,Large,Marketing,Medium,,,1,2.0,['Marketing'],8da51f2cb09305d7c889fefb1d621e20c5a4576e89c71a475330f7e75e111c89
kaggle,Product Manager,91339.64,San Francisco,SAN-FRANCI,Unknown,,Small,Data Analysis,Medium,,,1,0.0,['Data Analysis'],66a83416def5e53b0755e40fde1d15c3f0db0082888f66d4b4410ba0400e0b35
kaggle,Marketing Specialist,104447.76,Dubai,DUBAI,Unknown,,Medium,Sales,Medium,,,1,1.0,['Sales'],79a28872229e212440fda738249b8f543d90dc4f6e1a91827a1df5a00f804ebf
kaggle,Hr Manager,72109.35,San Francisco,SAN-FRANCI,Unknown,,Large,Sales,High,,,2,2.0,['Sales'],c1fc28f232c05a9459b7b42fa471ba89217e0332f22fabeb4375159df8c65541
kaggle,Cybersecurity Analyst,118489.24,Singapore,SG,Unknown,,Large,Project Management,High,,,2,2.0,['Project Management'],138dfa772004f8446a3876a18ae53a9a7aa0d2d452c649ab7acb7e59ba221590
kaggle,Ai Researcher,103952.47,San Francisco,SAN-FRANCI,Unknown,,Small,Sales,High,,,2,0.0,['Sales'],b072240fc728b86c371e5705a687dbca0249ff3680cb9f682a382ea62b084056
kaggle,Marketing Specialist,102925.95,Singapore,SG,Unknown,,Medium,Communication,High,,,2,1.0,['Communication'],122a00adc269ac0e2ead68c11bdff1e4f8b6e30fff2c2c6f390600e53cd670ac
kaggle,Software Engineer,67646.6,Toronto,TORONTO,Unknown,,Large,Communication,Low,,,0,2.0,['Communication'],f221d3385d72215afcb25a0c07dc62158a785f45b729228775f0869e86fccd81
kaggle,Ux Designer,123992.65,Dubai,DUBAI,Unknown,,Small,Machine Learning,Low,,,0,0.0,['Machine Learning'],dc3d6232cc6d97bddf1f91c72faded47e439f4ca5bbec5e221cf4a9cfd32463c
kaggle,Hr Manager,89725.68,San Francisco,SAN-FRANCI,Unknown,,Large,Data Analysis,High,,,2,2.0,['Data Analysis'],0da6d00c78a1e95c700827810c1abbf402b77793f445e3f10a08799c71c0cce7
kaggle,Data Scientist,104560.98,Toronto,TORONTO,Unknown,,Medium,UX/UI Design,Low,,,0,1.0,['UX/UI Design'],ee52ed581d7e6272cc0564fe39761e14e67dbe78031b30207bf810dd714c242d
kaggle,Ai Researcher,83543.51,Sydney,SYDNEY,Unknown,,Large,Cybersecurity,Low,,,0,2.0,['Cybersecurity'],80b9f5aeb35348a18c49030b2094f94fd086555328656215c2d211b3419f9b61
kaggle,Hr Manager,95217.78,Berlin,BERLIN,Unknown,,Large,Project Management,Medium,,,1,2.0,['Project Management'],8bb38818724facf5b77441a035ede22d7b4ec090af24b1adad580af5ceb01722
kaggle,Ux Designer,95942.55,Toronto,TORONTO,Unknown,,Large,Cybersecurity,Medium,,,1,2.0,['Cybersecurity'],43c056c3319151efced359f8d7c6f7e819c4c4d955ad5aef2f3ce6262c517e90
kaggle,Cybersecurity Analyst,33601.38,Berlin,BERLIN,Unknown,,Large,UX/UI Design,Medium,,,1,2.0,['UX/UI Design'],88ddfbc6bf5bc09cad735b03b2871050daa2d1ed95c2818ce6b7968b518eb366
kaggle,Ux Designer,101648.96,San Francisco,SAN-FRANCI,Unknown,,Small,Project Management,Medium,,,1,0.0,['Project Management'],bb470cb96a90096e2b54855ba9e120e26eaca88382fbcc8381477ddbc9865bdc
kaggle,Sales Manager,129306.83,Paris,PARIS,Unknown,,Small,Project Management,Low,,,0,0.0,['Project Management'],438c4548357ce8953ba31381a1d66d25b71833f1338bb602427be1e641a5d4a8
kaggle,Ux Designer,100795.61,Toronto,TORONTO,Unknown,,Medium,Data Analysis,High,,,2,1.0,['Data Analysis'],059500c9940adeffd23d8d4cd3c3720bcdff22f519a271f1a09e0c17502af024
kaggle,Sales Manager,70845.84,Dubai,DUBAI,Unknown,,Small,Cybersecurity,Low,,,0,0.0,['Cybersecurity'],cd00c32c3b59498fdc65845a3c29329bc49ba033ea931c6fed6ea827207becc6
kaggle,Cybersecurity Analyst,102999.23,San Francisco,SAN-FRANCI,Unknown,,Small,Communication,Low,,,0,0.0,['Communication'],a36715148af644e17bcb7ced0ba1d634672975b3ec37ac36a25f79d33022c9ff
kaggle,Operations Manager,111189.61,Tokyo,TOKYO,Unknown,,Medium,Python,Low,,,0,1.0,['Python'],902914af26eef3ea01515c31b18fd714315b12dadbe92b7bee804dd953496d4a
kaggle,Sales Manager,100249.33,New York,NEW-YORK,Unknown,,Small,Cybersecurity,Medium,,,1,0.0,['Cybersecurity'],c6e665f4eb4b16161fb3a6305819df89a2abf5b7f20ae9b979dec7efd6f15dcb
kaggle,Data Scientist,88517.46,Toronto,TORONTO,Unknown,,Small,Marketing,Medium,,,1,0.0,['Marketing'],f7bf7892d9a91a2ef22ff80bcd12ac919fb3032732129879bdc800464d1c7ea2
kaggle,Ux Designer,85157.02,Dubai,DUBAI,Unknown,,Medium,Marketing,Medium,,,1,1.0,['Marketing'],c6f73e8931e4f972eb8a0b8713e7bfce6c162fe9986fd23283c0d6f4d89c674e
kaggle,Ux Designer,85073.8,Sydney,SYDNEY,Unknown,,Medium,Project Management,High,,,2,1.0,['Project Management'],4fe96d77a8ff42df4b6b54cd33ee79b404a6635f89e2a7094da3132f38b9bfa6
kaggle,Data Scientist,103955.54,Tokyo,TOKYO,Unknown,,Medium,Python,Low,,,0,1.0,['Python'],c7125fdf9f39f5ae6b3df27b9a6d0d32dc62d0f1d3edf40c8f14c0f9e4c8fabc
kaggle,Software Engineer,61857.52,Sydney,SYDNEY,Unknown,,Large,JavaScript,High,,,2,2.0,['JavaScript'],26dc8c41cfa825a0d28704e7b4b173012a6eb1e2dab6f1a6bd47ca3d28b3c6cc
kaggle,Product Manager,82562.54,San Francisco,SAN-FRANCI,Unknown,,Large,UX/UI Design,Medium,,,1,2.0,['UX/UI Design'],35ae32f79c7f6f987f5e6820d8d068ee34d9e9b45d46ce83d39bf969e2420ed0
kaggle,Operations Manager,121912.2,New York,NEW-YORK,Unknown,,Medium,Machine Learning,High,,,2,1.0,['Machine Learning'],23d742226af672b6b7d17883fab8d4537b5677d73aee0c9c126721f1345e8fcc
kaggle,Ai Researcher,122683.91,Toronto,TORONTO,Unknown,,Medium,Python,Low,,,0,1.0,['Python'],659330fb5cc2377ed15f52f4b809413602cc2b0e57d46841c7b84abef19a814f
kaggle,Sales Manager,60437.06,Toronto,TORONTO,Unknown,,Medium,Machine Learning,Low,,,0,1.0,['Machine Learning'],64ae3353dfec0e2a53c5ec1ff975d383dd9aea981cded678a3680f7536ff7f3e
kaggle,Data Scientist,67371.73,Paris,PARIS,Unknown,,Large,Cybersecurity,Medium,,,1,2.0,['Cybersecurity'],fa012b866c52e788f003892e5f0c0e2c7eac545d7c081440ab37ae48a47b8d16
kaggle,Cybersecurity Analyst,84587.59,Paris,PARIS,Unknown,,Large,Cybersecurity,Medium,,,1,2.0,['Cybersecurity'],822920842d48846e14beb0108be346faf21535d763c494e614d9e3d04662b413
kaggle,Sales Manager,107851.79,San Francisco,SAN-FRANCI,Unknown,,Small,Machine Learning,High,,,2,0.0,['Machine Learning'],e3daf47d99d9fc2c6ff4d149e452bc4236006907e6686db3abd1e52ee0699c71
kaggle,Product Manager,53450.51,San Francisco,SAN-FRANCI,Unknown,,Small,UX/UI Design,Medium,,,1,0.0,['UX/UI Design'],6cfcd094f500d9cbb2775372317488d6e53bad86f875af9fb60c3ece095ff3c2
kaggle,Cybersecurity Analyst,88903.83,New York,NEW-YORK,Unknown,,Medium,Python,Medium,,,1,1.0,['Python'],2526d51e9c91a824e82bb6ce54b82f5e9ff3ce5ecc31b94ac70279523ded4ba2
kaggle,Hr Manager,80516.42,Paris,PARIS,Unknown,,Large,JavaScript,Low,,,0,2.0,['JavaScript'],5dfd51aa5c63e9480f968543478247cfcbda5666313c1286cdbd6f3f52a9f46c
kaggle,Ux Designer,116519.29,Dubai,DUBAI,Unknown,,Large,Project Management,Medium,,,1,2.0,['Project Management'],33abd986f1ea5803b6a2cc28f136a62710ce5468977d96bb2658567abb3593c5
kaggle,Hr Manager,56461.83,Dubai,DUBAI,Unknown,,Large,Data Analysis,Medium,,,1,2.0,['Data Analysis'],695db8e415f8762d3910c21c6f23648d1b419a7ef931e62e087a1a0b6dc76496
kaggle,Sales Manager,91850.81,New York,NEW-YORK,Unknown,,Medium,Cybersecurity,Low,,,0,1.0,['Cybersecurity'],cb593644509c848f17254394bed4ebd34b21318e18f3b1d1b2a19df544db9db0
kaggle,Product Manager,82127.81,Dubai,DUBAI,Unknown,,Small,Marketing,Low,,,0,0.0,['Marketing'],557b0a93fe04d103ebf191a7838b11e2535cfe0a22669a3ae20dbd0946a3a8b5
kaggle,Operations Manager,119395.98,Singapore,SG,Unknown,,Medium,UX/UI Design,High,,,2,1.0,['UX/UI Design'],e6d878696b51a915cb3d84511be517bb4ea7279dcf7fe551fd549ce6c9bdff39
kaggle,Sales Manager,101953.05,Berlin,BERLIN,Unknown,,Small,Data Analysis,Medium,,,1,0.0,['Data Analysis'],5a18d4f3d0359af96dd0a6cfd3d8afcb0ae1e4a0d6e99b1e4551ae28fe3c6d1d
kaggle,Data Scientist,78283.69,New York,NEW-YORK,Unknown,,Small,JavaScript,Low,,,0,0.0,['JavaScript'],39f80577a0a35c2469626928ce3aa2fa20e2e415acbf712c4bf00445784c655a
kaggle,Marketing Specialist,107067.73,New York,NEW-YORK,Unknown,,Medium,Sales,High,,,2,1.0,['Sales'],e4fc302d5bceb2fff7bd0bbce64d1c163e69bf72190af5e8e610ac22d31a4de3
kaggle,Sales Manager,82223.42,London,LONDON,Unknown,,Small,Project Management,High,,,2,0.0,['Project Management'],67f779733080fefbf3bc44ef67e529b7187d2492c2ede974ba8ca9fdff1b8d46
kaggle,Ux Designer,109986.59,Tokyo,TOKYO,Unknown,,Small,Cybersecurity,Medium,,,1,0.0,['Cybersecurity'],db63a6a96d0bf90068bda173e3c197bc25659e91379746d43e8ea63145c029e1
kaggle,Ux Designer,85258.46,Tokyo,TOKYO,Unknown,,Large,Project Management,Medium,,,1,2.0,['Project Management'],5b2001c83ce3fc67f3c6e47450e260547f8720abe22decc502d4e0c02b50592e
kaggle,Sales Manager,111093.33,Singapore,SG,Unknown,,Small,Data Analysis,High,,,2,0.0,['Data Analysis'],fa4b68b28f5ccd049fc710fdf2ee9f976ad661ec53610b402093912a87ab0ad2
kaggle,Cybersecurity Analyst,98721.64,Paris,PARIS,Unknown,,Medium,Project Management,Low,,,0,1.0,['Project Management'],4b7f06cf720e45ca0636a5cd194c947615c6f82ff127e300c13d559f2b92d4bb
kaggle,Marketing Specialist,155209.82,San Francisco,SAN-FRANCI,Unknown,,Medium,Sales,High,,,2,1.0,['Sales'],576857acff92c3faa8443b40880028ad06c0b9119d9c32d552b7895782a8ef41
kaggle,Data Scientist,88942.08,San Francisco,SAN-FRANCI,Unknown,,Small,Data Analysis,Medium,,,1,0.0,['Data Analysis'],816467fd7e1b0564b16c60d8e2762306ba88b2ecd7e7c5e7e68c371dbf35af8a
kaggle,Sales Manager,97657.25,Sydney,SYDNEY,Unknown,,Large,Cybersecurity,Low,,,0,2.0,['Cybersecurity'],17c5fb8c1bdd9a21e95fb363318cbb11a02f41daf5ce4fa2f3c4a30b31376c56
kaggle,Cybersecurity Analyst,80411.51,Singapore,SG,Unknown,,Large,Python,Low,,,0,2.0,['Python'],1ea0eaf82e38552d581e6a7497912f0b612d827411b061bfd42cb4ac2abfee03
kaggle,Ux Designer,90053.71,New York,NEW-YORK,Unknown,,Small,Marketing,High,,,2,0.0,['Marketing'],288d3c0264fad6bb125057dd7a6286a34b382b8e2295ff79e2aee157cc406927
kaggle,Ux Designer,35963.3,Singapore,SG,Unknown,,Small,Data Analysis,Medium,,,1,0.0,['Data Analysis'],d061a1d8d14c0f6f24a07c3ce0979332869d0767113b998968b883d5eb49dae4
kaggle,Product Manager,99311.68,Singapore,SG,Unknown,,Medium,Communication,High,,,2,1.0,['Communication'],f3d15615777640799a6b72ab9070d47fab3d98d9046310005750befea2a256f2
kaggle,Sales Manager,116857.48,Singapore,SG,Unknown,,Small,Sales,High,,,2,0.0,['Sales'],75fcd414473174070590bb06d53da09a6f49be63d3907bf1eb8982f340a0229e
kaggle,Marketing Specialist,97932.6,Tokyo,TOKYO,Unknown,,Large,Data Analysis,High,,,2,2.0,['Data Analysis'],bc17cda91c8235b0d150d0fbc3c40572fd29c541f7b21fce3eb6916a01c4805b
kaggle,Software Engineer,63722.77,Singapore,SG,Unknown,,Small,Data Analysis,Low,,,0,0.0,['Data Analysis'],28918a2bbf59f2c9c90b8da25f3187d0889007451d2fe165d734e6d2d137ae10
kaggle,Marketing Specialist,73964.26,Berlin,BERLIN,Unknown,,Medium,Communication,Low,,,0,1.0,['Communication'],5a53745e7082c71de540812294a78ac948eb2267c3f9605d8febf8dd5d9307c0
kaggle,Ux Designer,41396.16,San Francisco,SAN-FRANCI,Unknown,,Medium,Cybersecurity,Medium,,,1,1.0,['Cybersecurity'],a2abfbd1dbcec48d2fd7581f21d568eb5e3d08bb85db299416655bc2aa67947f
kaggle,Ux Designer,109578.48,Sydney,SYDNEY,Unknown,,Medium,Data Analysis,Medium,,,1,1.0,['Data Analysis'],7f5d787d9fa6d223aac27dba26ca5d6095e90e3698991beb19c4febc0e6a4ca3
kaggle,Hr Manager,69869.73,Berlin,BERLIN,Unknown,,Medium,Marketing,High,,,2,1.0,['Marketing'],7074f12fd6b5d50c5ee76a374dd858fefd5cad6689647bc989559a75cf917126
kaggle,Ux Designer,89425.83,Sydney,SYDNEY,Unknown,,Medium,Project Management,High,,,2,1.0,['Project Management'],c5a7d3afc5afe246a3994e383fd3c37a7853fec72333485407f9346ced37c9e9
kaggle,Data Scientist,86925.25,London,LONDON,Unknown,,Small,Cybersecurity,High,,,2,0.0,['Cybersecurity'],57ee8fda9294d02b484ad3577f9803e3189658da7cc3c786eee41936fbdecc54
kaggle,Ai Researcher,119754.54,Sydney,SYDNEY,Unknown,,Small,Marketing,Medium,,,1,0.0,['Marketing'],f946b192203e2b874e9712538cc44a2be0bbc0e08e7dcdf4dab7e58839655506
kaggle,Sales Manager,91705.63,San Francisco,SAN-FRANCI,Unknown,,Small,Cybersecurity,Low,,,0,0.0,['Cybersecurity'],ba303e2f478f9e91edbd102ee36054b7cbfb9ab18d0c124bac577c9625e0e44f
kaggle,Marketing Specialist,106177.86,San Francisco,SAN-FRANCI,Unknown,,Small,Marketing,Low,,,0,0.0,['Marketing'],397283a3949846227790713e46a5309108a0da295d706f36894171132ae1a709
kaggle,Ai Researcher,100929.28,Singapore,SG,Unknown,,Medium,Sales,High,,,2,1.0,['Sales'],022cfceca70d2e646343585fa552d0139dea687c51a299b9fb521747b50921cb
kaggle,Cybersecurity Analyst,117188.23,Toronto,TORONTO,Unknown,,Large,Marketing,High,,,2,2.0,['Marketing'],1c82eb08363f1d935291aa733b08130e2ded61702856c920380b11868ff4ca8d
kaggle,Software Engineer,85217.53,London,LONDON,Unknown,,Small,Machine Learning,High,,,2,0.0,['Machine Learning'],16aac902c4fc3a8bb119b6ad96d083ee517cebfdc7b6a83b42565fccbc7ef8ae
kaggle,Data Scientist,127392.31,New York,NEW-YORK,Unknown,,Large,Marketing,High,,,2,2.0,['Marketing'],fcdf5550ba71e2053a7471454f9a07f96515795bd97ed23262a6fd36af611fe9
kaggle,Marketing Specialist,50286.76,Dubai,DUBAI,Unknown,,Small,Python,Medium,,,1,0.0,['Python'],c077d1c55d20c8a8fe0fe2e145b93ed1fc2158c91c351cb98704252c32492f1c
kaggle,Ai Researcher,107149.47,Sydney,SYDNEY,Unknown,,Small,Python,Low,,,0,0.0,['Python'],dde0ad739cbe1c533604ef0ab3cb21e17664040d223bcb749b8783d505cbe25c
kaggle,Software Engineer,72667.61,Toronto,TORONTO,Unknown,,Large,UX/UI Design,High,,,2,2.0,['UX/UI Design'],32c33c7aa48cc1788a9872a98128bf42c2e40fcba98b175964f56d03c6b53fec
kaggle,Hr Manager,80145.01,Singapore,SG,Unknown,,Medium,Machine Learning,Medium,,,1,1.0,['Machine Learning'],999a5bceb9d88c3880f30363bd4710fec404fe54ca20845bdfc66f2380b73a2d
kaggle,Data Scientist,101388.29,Tokyo,TOKYO,Unknown,,Small,Machine Learning,High,,,2,0.0,['Machine Learning'],b9c82f8799d90966d899f9c26034cf214fa2f64b942d16b871611bb9de9a5989
kaggle,Data Scientist,101228.04,New York,NEW-YORK,Unknown,,Small,Project Management,High,,,2,0.0,['Project Management'],f128e1c71f83de5274eb4f86b56a636d3553993e0128287be7558c3e59c3d2a0
kaggle,Hr Manager,102128.56,Paris,PARIS,Unknown,,Small,Machine Learning,Low,,,0,0.0,['Machine Learning'],fe849ce10611fac2f4aa4444fbfebdd698d4a99bd8e5fc111ac3f504e0ab2bdb
kaggle,Sales Manager,62276.84,Toronto,TORONTO,Unknown,,Large,Project Management,High,,,2,2.0,['Project Management'],3b058b7b87c152e11cec19feac3f4b99a5326c6a54f8b474a8bc2ce742fb2c3f
kaggle,Hr Manager,118980.6,Tokyo,TOKYO,Unknown,,Medium,UX/UI Design,Low,,,0,1.0,['UX/UI Design'],4b178d2b719b6fe93c0e8372d2ad67fa1b55276ad8bd0c1396d1420398ef0a65
kaggle,Data Scientist,71987.06,London,LONDON,Unknown,,Large,UX/UI Design,Low,,,0,2.0,['UX/UI Design'],59c3c7b2824be88eb283412620a5d60636c359a9595abfe13ebcdc322a850c7d
kaggle,Data Scientist,74654.26,Singapore,SG,Unknown,,Large,Sales,Low,,,0,2.0,['Sales'],ddae40504085122cd63ba56d40cd601481c76b99d2cd55918565deaabdea0aec
kaggle,Ai Researcher,102757.93,New York,NEW-YORK,Unknown,,Medium,Python,Medium,,,1,1.0,['Python'],09d2a8489646f0b376fd086560be873e7743476ed4f7a7de08b720fd8e7c719c
kaggle,Ux Designer,84265.58,New York,NEW-YORK,Unknown,,Large,Marketing,Medium,,,1,2.0,['Marketing'],5601ff00eface6c2ad36ccca7be999fad96e00f19596a2640db9d9bb185e013a
kaggle,Software Engineer,96165.22,New York,NEW-YORK,Unknown,,Medium,Marketing,Low,,,0,1.0,['Marketing'],2b156e4247c19e07796969a828111d41af81aaa91309ce1c3729f280b3978336
kaggle,Hr Manager,46867.99,London,LONDON,Unknown,,Small,Communication,High,,,2,0.0,['Communication'],0a586382bf6306d2c859df97b16bd0123c89c3f208ce36028dda23f43d65a380
kaggle,Software Engineer,95686.49,Sydney,SYDNEY,Unknown,,Medium,Communication,Low,,,0,1.0,['Communication'],aa3bcd0c924bba2b06417a85ee1ae8501ad821926625f1b781236b0356bcdee9
kaggle,Hr Manager,94356.64,Paris,PARIS,Unknown,,Small,JavaScript,High,,,2,0.0,['JavaScript'],aa49dab24c2a7575ac7f388fa75bdaedb6776186d6fc3e31a6a9dedb5d9eb5de
kaggle,Cybersecurity Analyst,79802.83,London,LONDON,Unknown,,Large,Cybersecurity,Low,,,0,2.0,['Cybersecurity'],422c62df142275414e79b7241003d352ce9aad0e2e81d41a3852c3c4ec62cf0f
kaggle,Data Scientist,48518.48,Dubai,DUBAI,Unknown,,Large,Sales,High,,,2,2.0,['Sales'],62f40c90ef50d8c6d9af0473cb03ca3920e4933a10b072a2c2e7132e35c505a5
kaggle,Ux Designer,85743.83,Paris,PARIS,Unknown,,Small,JavaScript,Medium,,,1,0.0,['JavaScript'],c406956e781daa75b5aaa1ed8bb754fd57361223b8a2d1bda40edc5d192294c8
kaggle,Ai Researcher,89252.52,San Francisco,SAN-FRANCI,Unknown,,Large,JavaScript,High,,,2,2.0,['JavaScript'],9680b04a87e288a3d3c3133ae23292205f99fff8adf771686a19d1cf74e1f212
kaggle,Ux Designer,82655.42,Singapore,SG,Unknown,,Medium,Data Analysis,Low,,,0,1.0,['Data Analysis'],e03dabd72e1ad99cef704110a2b24cbd62a95fc66123df87d172d6fc4df5babc
kaggle,Ux Designer,53276.51,London,LONDON,Unknown,,Small,Data Analysis,Medium,,,1,0.0,['Data Analysis'],9af0b1fbcc1d25262055e8f34e6fa710e29ca1069ff912a19b607fd66d8f23e6
kaggle,Ux Designer,121894.68,Tokyo,TOKYO,Unknown,,Large,JavaScript,High,,,2,2.0,['JavaScript'],f598875141ec106dcdcbf71de7b1558ed31da596eb59ade29aa13c0c4ee7aa4a
kaggle,Software Engineer,77222.77,Paris,PARIS,Unknown,,Small,Machine Learning,High,,,2,0.0,['Machine Learning'],fc4a1160ca2dd7ae654e10a216227341122a6643ba0dd0044fde816631aaf476
kaggle,Hr Manager,85555.91,Dubai,DUBAI,Unknown,,Medium,Cybersecurity,High,,,2,1.0,['Cybersecurity'],eaf308ca4041c8cc5aa8666a32694b5839f61b8d619d958c092326377b554713
kaggle,Operations Manager,41810.51,San Francisco,SAN-FRANCI,Unknown,,Medium,Sales,High,,,2,1.0,['Sales'],9d87a658db1233e65d716c36daa127fbb21e17ad81fa92ab742a0ac65f927bbb
kaggle,Cybersecurity Analyst,121897.11,Sydney,SYDNEY,Unknown,,Large,JavaScript,High,,,2,2.0,['JavaScript'],566979d058a04754ba6a3848bbd7553a3497f77769b4247b9ba09b2a2e7117ec
kaggle,Marketing Specialist,80669.0,Tokyo,TOKYO,Unknown,,Medium,Marketing,Medium,,,1,1.0,['Marketing'],feaa027806e99ccc2b47b0094dee1db5d70cd014988f67e80a6773d83f8af379
kaggle,Ux Designer,91969.26,Paris,PARIS,Unknown,,Small,Cybersecurity,Medium,,,1,0.0,['Cybersecurity'],dda73097b2d535e55034e79c142b6b19b00cb6519efde454d4e3b8393e6062bd
kaggle,Sales Manager,112414.75,Singapore,SG,Unknown,,Medium,Data Analysis,Medium,,,1,1.0,['Data Analysis'],911c2977689ff6d6be87ba9f299e206aeb89cd95bcde80c3b90322fbeabc00a8
kaggle,Software Engineer,76473.92,Tokyo,TOKYO,Unknown,,Small,Marketing,Medium,,,1,0.0,['Marketing'],ab89b2e8773c775141342e0df6c3301877c2a2498cfcc4d6e26bb906928d0d8f
kaggle,Ai Researcher,109264.9,San Francisco,SAN-FRANCI,Unknown,,Small,Data Analysis,Low,,,0,0.0,['Data Analysis'],27e93f2aba7e0da2acb6bbb110e77cd667affd73f64cffb60f04ffff249f4b77
kaggle,Marketing Specialist,48773.49,Tokyo,TOKYO,Unknown,,Medium,Data Analysis,Medium,,,1,1.0,['Data Analysis'],995fc90112a4319c65eb61760d830c3c07db7bb895856be9772ec4c234ba8bb9
kaggle,Operations Manager,101019.73,Berlin,BERLIN,Unknown,,Large,Cybersecurity,High,,,2,2.0,['Cybersecurity'],8ef4d10e1c238537f3628f2dbf1f8553f46ee3ae2e355a6925e52b47f62d688e
kaggle,Sales Manager,121444.84,Toronto,TORONTO,Unknown,,Medium,Data Analysis,High,,,2,1.0,['Data Analysis'],d1aa19f9600a8b2466273d31b1225cf8f7225857fa31319603fce0583cf0560e
kaggle,Operations Manager,78391.66,Sydney,SYDNEY,Unknown,,Small,UX/UI Design,Medium,,,1,0.0,['UX/UI Design'],982a74fd47b09d2197cfdd5aa12c9f0ab57d56389bea580c67f6c818b1800b58
kaggle,Marketing Specialist,112377.63,San Francisco,SAN-FRANCI,Unknown,,Small,Python,High,,,2,0.0,['Python'],bc2b2801a4495163b90e348954e2a63d27259590456951e129516edc95881974
kaggle,Ux Designer,126678.45,Tokyo,TOKYO,Unknown,,Medium,UX/UI Design,Medium,,,1,1.0,['UX/UI Design'],61713e9030fca0796a20d69d670025e50db025fb08e416263703f58021dafa77
kaggle,Sales Manager,84903.16,Toronto,TORONTO,Unknown,,Large,Python,High,,,2,2.0,['Python'],30594bb0ec2b28e0e2e51622446bf396aeb4435c2401b046ddcd922a376f4bf8
kaggle,Operations Manager,83249.43,Toronto,TORONTO,Unknown,,Large,Communication,Low,,,0,2.0,['Communication'],abf0f0a4a3166036165513d8a2057f4fe35d252ec030f0380ec33c7eed031de5
kaggle,Ai Researcher,72034.13,Tokyo,TOKYO,Unknown,,Small,Communication,Low,,,0,0.0,['Communication'],1530219cca4c97e1fce360f84bdc8fe6507ff7941722efc771adff73d88c58ac
kaggle,Hr Manager,79805.4,Singapore,SG,Unknown,,Small,Data Analysis,Medium,,,1,0.0,['Data Analysis'],ca7cd4ead1be32c62e9f34c7a761193016c938e780346a09dc1ea3a593aed5eb
kaggle,Data Scientist,73692.8,Berlin,BERLIN,Unknown,,Large,Sales,Medium,,,1,2.0,['Sales'],3a15d579349547b7566efab8223cc66793210d45a08cb8f38a7f8ce310f1951f
kaggle,Hr Manager,72017.78,London,LONDON,Unknown,,Medium,Sales,Medium,,,1,1.0,['Sales'],2ae233805a27c867d7e390e8aea9b07e53836a8b78302ca2a40c651a810ee6ac
kaggle,Marketing Specialist,113976.71,Berlin,BERLIN,Unknown,,Small,Python,High,,,2,0.0,['Python'],01fd92ecb56d998861d81fa3aabc93f0d71441a9387e4668ac2dcedca29702b3
kaggle,Software Engineer,74201.48,Tokyo,TOKYO,Unknown,,Small,Marketing,Medium,,,1,0.0,['Marketing'],c7990d3785778c93b9ae320e20acbbe54fc8aea48cebd885ee266ee7babe1af3
kaggle,Data Scientist,95170.44,Sydney,SYDNEY,Unknown,,Large,Cybersecurity,Low,,,0,2.0,['Cybersecurity'],0db54cc713a28796aa5b67baddab7c91d9ac73e381d96f9a1831fc880594391f
kaggle,Cybersecurity Analyst,90764.67,London,LONDON,Unknown,,Medium,Data Analysis,High,,,2,1.0,['Data Analysis'],47f1e2515c26023ddac08b7caf026ed1651d5de0839ecb86119959ce3c20a9a1
kaggle,Ai Researcher,119961.89,San Francisco,SAN-FRANCI,Unknown,,Large,Cybersecurity,Medium,,,1,2.0,['Cybersecurity'],fafddee4c31ad1fedebb68adef22f16b2deed7ddd58e7a15079d2794c05259b6
kaggle,Cybersecurity Analyst,79936.88,Berlin,BERLIN,Unknown,,Medium,UX/UI Design,High,,,2,1.0,['UX/UI Design'],a36cf99e33457f82d48d047473bb4f2eaffc53eacebc50a78a86d0aa0e4ee536
kaggle,Sales Manager,97622.96,Tokyo,TOKYO,Unknown,,Medium,Sales,High,,,2,1.0,['Sales'],050648c36c6e0d87233c59851b93749245fefb74e9eebd74be8d64c0bb7099eb
kaggle,Data Scientist,105821.39,Berlin,BERLIN,Unknown,,Medium,Machine Learning,Medium,,,1,1.0,['Machine Learning'],0d613cee5b0f9f707045991657969fcf934f43375aa365fa4e292a6362f8d2d2
kaggle,Cybersecurity Analyst,119794.99,London,LONDON,Unknown,,Small,UX/UI Design,High,,,2,0.0,['UX/UI Design'],f224e59a2bb8f21abea8877e81f4330adbf87a1b67cec48328f1e8e6506947ec
kaggle,Cybersecurity Analyst,79644.93,Dubai,DUBAI,Unknown,,Large,UX/UI Design,Low,,,0,2.0,['UX/UI Design'],b28a8eec3cfd434f87b38e6ed9b3a253bd7bafed74c7f07bc9290807e484a9bf
kaggle,Operations Manager,77642.15,Paris,PARIS,Unknown,,Large,Python,Low,,,0,2.0,['Python'],0c6080612d799ff9e7f8611a75302120dc41097dd8c861e6dec20b9939d95fd5
kaggle,Hr Manager,68764.38,Berlin,BERLIN,Unknown,,Medium,Project Management,High,,,2,1.0,['Project Management'],111f0b2fbd4092ae8683898dbe08d1df2e12bf8515ba628e404dc56496b90735
